fruit_type,weight,color_score,diameter,sweetness,acidity,ripeness,firmness,has_seeds,season
2,155.46973973024464,0.10547369995663058,6.655913883897958,10,2.9243980034820662,3,5,1,1
3,186.28833119493459,0.656780104724294,6.934784575279206,4,2.73910174005929,5,4,0,2
4,174.05046158683567,0.8221031606002255,4.703338746166416,2,3.5478404361051377,4,4,1,2
3,161.19420121395657,0.38042000750756233,7.771382134026752,4,2.7832490109956693,3,4,0,2
3,110.47627722773441,0.7756118509253275,7.858086162571216,1,2.929781394317761,3,9,0,0
1,173.57341785679978,0.9644766539008116,6.906713474501034,2,3.8683117108487153,3,4,0,3
4,244.1012248237517,0.2037664591276891,8.686530039805755,8,2.911498184248937,1,9,1,0
4,217.2710023077489,0.5233296311947413,6.498884153530089,6,2.659699418577257,4,10,0,0
4,229.65933133196984,0.28713795808457554,7.8469088888404,2,3.293472125069713,3,6,1,2
3,124.43921617844074,0.7928544190338394,5.470503491961827,6,3.0507977465549185,4,10,1,1
2,100.51975898707096,0.5775933658811575,6.964671773688643,10,3.788262969985942,3,7,0,3
4,143.7106539950176,0.6345824175503038,6.738468613145746,9,2.7559177114580233,5,10,1,2
3,152.78624561443473,0.7979141596158941,7.337961883061412,7,4.3794269692074455,5,3,1,3
1,204.70957592354742,0.3959704726624549,6.445709606749962,9,4.765583798587846,5,8,0,0
2,65.37676851425903,0.9150900684070432,6.802791106492498,5,4.358587934890486,2,3,0,3
1,226.47751597303068,0.53302886724614,8.23907075716226,7,3.832067593503486,3,1,0,3
2,142.09960507105052,0.157954822835348,6.344853644142674,7,4.651669554472212,2,10,0,1
3,128.655946502629,0.6958991181688025,4.590134348891981,3,4.2372959494537685,4,5,0,2
0,99.39478123699163,0.7932613504382544,9.62437585630813,7,2.5263778061254745,2,2,0,3
2,67.25716640671153,0.31676167706752667,9.07218111803573,1,3.4852253819362575,4,10,1,3
1,191.15852919809572,0.857179256998753,5.0616059573415715,9,4.627379748517001,4,6,0,0
3,153.6658983594202,0.9061432547657664,8.034561707867791,10,3.364647144938173,4,10,0,0
2,85.5019550129473,0.2769044873778089,6.245537844172985,6,2.588037933813809,2,9,1,3
0,85.2460613968192,0.9835214727152221,7.39523082299659,5,4.365449096380681,3,1,0,2
0,133.21076503549358,0.14071152804875842,7.4413361935202404,7,4.505095675707171,2,4,1,3
4,233.45107626446963,0.20201566840248997,6.648388299525517,5,2.9014842376082712,3,1,0,3
4,137.02043243181976,0.18422483923802613,5.824351501620406,10,3.843351242107953,3,1,0,1
1,74.8428523440947,0.8939897100078704,5.964188421525611,5,2.9798885974893143,4,8,1,2
2,137.71284679570277,0.6542925523249619,5.6257121267781365,10,4.298086047610367,2,2,0,1
2,136.36382151261648,0.15210428322227287,5.752266687654333,7,3.178876137943714,3,1,1,2
4,15.155667852921425,0.440323418368349,6.899232564925967,10,3.290537806408325,5,8,0,2
2,147.28525667410938,0.615298025069802,5.926360016333872,7,4.612427134100253,3,4,0,2
2,138.4532734895661,0.08346408498938329,8.02307809856893,3,3.690805880517261,5,3,1,1
0,184.8103182406709,0.8824163684073387,9.23086923300389,3,4.17438612804562,2,4,0,1
4,242.44780474726724,0.8036035354415352,6.129920137944936,10,3.5059326268061692,2,5,0,1
3,206.32825147738788,0.5052067735766382,7.359106750803066,3,3.2450171429843886,2,1,1,0
4,136.55556547225848,0.9671266152591704,7.7495276654544005,6,4.063695151061653,3,1,0,1
3,94.67370456291648,0.4177609792750997,7.708003406378912,6,2.887143935197053,1,3,1,0
0,278.667990162493,0.9841103190364978,7.113932901874131,3,3.4324995889171577,3,6,0,0
1,152.9609217007244,0.6679199988036271,8.114023627539584,3,3.0225925934648057,3,1,1,0
2,150.6964645956473,0.6346712732539415,7.7233734290209854,8,4.239487417351864,4,2,0,3
0,148.79374564449984,0.165954895295785,5.143506366509053,8,4.860522095865269,4,7,1,3
2,159.90423803839275,0.881927758304644,8.30373409658391,7,4.988777420039666,3,1,1,3
1,142.78197940380286,0.42748968792061515,8.330936255900113,10,3.6256920261039767,5,7,0,0
1,121.31689965598818,0.16223340578247936,5.855070843732127,4,3.1313259740911112,4,4,0,0
0,122.6570529379804,0.01260751997575904,7.056906753171403,4,3.6070734259608104,3,10,1,2
1,148.3623364892001,0.5597556836383826,8.024993489216603,3,4.61817352490681,1,6,0,0
3,122.82876144331175,0.5273996221226763,6.686029270630957,5,3.0150141963800996,5,8,1,3
1,114.35771086614179,0.7193536223691586,8.609467071649018,3,4.88023912913231,2,9,0,0
2,155.32151138459483,0.8902580530178021,10.54580874192904,8,3.3546644219953774,3,6,0,0
2,137.25113912895725,0.07940658464302952,5.821020951047526,7,4.964509148625762,3,9,1,2
2,225.1996494291344,0.7314964903403623,4.928433095269337,3,4.596522218834906,5,4,1,0
2,17.45150958034941,0.18741194409758222,7.455727893407314,9,4.521426335368476,4,6,0,1
3,204.57534259612308,0.858177053157164,8.082343757689216,5,3.294761684433209,4,8,0,2
4,212.30425962488147,0.8190635138616561,6.653700439232846,9,2.5219430298698238,4,9,0,0
0,46.33048837959252,0.5407937549855444,9.179890994981552,7,3.4553322720649695,2,3,0,0
2,132.86562029598255,0.7102427986233115,4.992091300415127,7,3.2545234241567345,5,2,0,2
1,131.42795670021042,0.3143501131837484,8.039377934547417,6,2.5934924760219933,5,6,1,0
2,79.62441526410893,0.47116789893281463,6.09120876886166,2,3.763413141264824,4,4,0,3
1,111.10916562045624,0.8216368977104717,9.579066859310945,9,3.5075782782068416,4,1,0,1
1,94.47120772670857,0.4592651971732139,9.988773029752178,6,4.086391169353812,1,8,1,1
2,237.61352217118113,0.3577982653254418,5.850015118324978,8,4.052965805485208,1,9,1,3
3,196.78391965737305,0.4942124472502999,6.17566429613713,1,2.8018665897417003,3,9,1,0
1,213.57775474970794,0.8282492524372184,8.289381830469702,5,4.942413865316556,3,2,0,0
1,186.08360320216175,0.33520804737087273,6.4193040253157285,1,2.9673285736036172,5,9,1,1
2,93.54741143913854,0.1737615931357438,6.931883173101642,10,3.6131850619117616,5,7,1,0
1,123.77398668601131,0.7120140203307808,7.038082630813615,8,3.7202938585843373,2,5,1,1
1,174.4687280613959,0.8259782127080818,4.120490265703515,8,4.5326569930353005,2,7,1,1
2,88.89360955540273,0.10063747852353333,6.9792433808586445,1,2.748073990236617,1,9,0,3
2,185.6499215086194,0.23987411275594472,5.965408338903739,9,3.5716106980213294,3,8,0,1
0,137.98373009209325,0.1419719897609939,6.260315766400342,2,4.071255425590509,1,6,0,0
3,131.25895962252014,0.3479414115821666,9.16544800520322,9,3.037889054060139,1,4,1,0
3,185.54799841017456,0.45035097890541265,5.115239658581116,1,4.068669746915182,3,1,1,2
1,172.213165574302,0.7488263369633065,8.219807780121966,10,4.809162093874132,2,6,1,0
3,131.951691709046,0.6511475848816741,6.581555604502287,9,4.993795327931688,3,3,1,2
1,207.9664901682124,0.6209285674784312,6.5803597472562485,4,2.5811276919766892,4,6,1,1
0,95.94683362000514,0.3523749466096544,8.185557844077566,9,3.0889705706116937,4,6,1,0
2,180.7967803472132,0.8414475530847599,7.5100769418533355,7,3.275767789479244,4,4,0,3
2,179.6550628984192,0.47128716739816456,7.855919495829296,6,3.4978152511124154,5,2,0,3
2,134.5226780343005,0.9791049380151545,8.452276990799291,5,3.1056428939619183,2,9,1,3
3,166.3066511121059,0.6341421382957368,6.503037425225016,9,3.0087199863882814,2,2,0,1
0,87.44432118073485,0.12626474156450274,6.081644898238375,2,4.88638460604375,5,3,1,1
3,196.20135096034505,0.676177562075434,5.372274210163303,2,4.796304006926295,1,10,1,2
3,140.75489317785053,0.325104015431699,5.761884205031567,9,2.6174812525077935,4,1,0,3
0,123.86384897404803,0.6863271966860974,11.423641637963087,3,3.34703255401212,4,7,1,2
0,202.45046129184448,0.06964114816240574,8.86701937110518,8,3.512871384196017,1,1,0,2
0,114.78281547286204,0.1748814371759594,4.973388450687968,9,3.0975363366648585,3,9,1,0
0,79.57693518182202,0.8557372589057863,5.016313064884645,8,4.072182242470439,3,1,1,0
2,72.16854132380482,0.2271795570235149,7.722799092577738,4,4.100951866610602,2,5,0,3
4,180.30049756728198,0.83704112524294,7.820897196066951,1,4.626260570821493,5,7,1,1
4,85.97853237518585,0.27927608845441043,7.8233257529760465,4,4.352173170963045,2,3,1,0
0,237.73970909921823,0.6428819100587077,6.617566309669453,9,3.856433317414889,3,9,1,1
4,45.9035296058139,0.694150573509831,6.811818609995649,2,4.13396692511105,1,8,0,2
4,234.8228184145019,0.5126547531450529,7.4918192862390365,3,3.184971953857545,2,3,1,2
0,160.5508733601309,0.3053106766967313,7.128839509439995,10,3.9826404749183943,4,5,1,2
4,145.16434440648038,0.21264437637109612,3.671049440878697,8,3.723068136874798,4,7,1,2
3,122.75404565955252,0.03318935456242622,6.6553005541372094,6,2.833361168290926,1,4,0,3
1,169.95680571760354,0.3039464012407238,5.72289034860953,8,3.106360691457427,3,5,0,2
1,148.11826487875757,0.653162790531283,7.262817128362768,7,3.229233626803965,4,3,0,0
0,205.16509410082608,0.9383048184484827,11.477888503905115,5,4.810773917631395,4,9,0,2
2,155.711382433102,0.871204482263052,7.551222498211457,9,3.0759665984647233,5,10,0,1
0,157.5150880730939,0.7660647765353026,6.529705470741403,4,3.2231097570491705,2,9,1,0
2,131.81938938930722,0.7884473432532987,8.382702252965878,6,3.4233853252235806,3,7,0,1
1,147.15271881394662,0.6649849034759953,7.724031830813819,2,4.159356846563467,2,10,0,1
0,165.39008844460295,0.260286857566003,7.630141735677762,2,2.7955959811803512,3,2,1,3
3,64.49158036716872,0.9071950307058299,7.910275889823507,2,4.88486303123444,4,7,0,3
4,82.59072889471435,0.670732311905834,10.084815347244312,10,4.663928050236912,5,7,1,1
2,187.16320470113575,0.56044063098044,5.303667347011126,7,3.9430401825223753,2,5,0,1
4,158.54327190639708,0.11098946921348107,7.710448115217182,2,4.185094668562392,4,9,1,2
4,140.80083318236603,0.4470555438064254,5.610428305027693,2,2.54165117811054,3,3,1,0
0,150.92169665326966,0.4603582712019263,7.833268969513372,9,3.3473619383711215,2,4,0,2
4,167.37908526808354,0.86456360952267,5.621970232770859,7,4.489150576653605,2,1,0,3
3,123.01201598453193,0.5466482201877885,6.373949779592373,3,2.693707434480965,4,6,1,3
4,111.08476372988437,0.38040054897040965,6.5573651286431405,3,3.205784585526801,2,4,1,2
0,159.79226275488406,0.9768003285106593,8.463725079017063,7,3.9632420708357783,5,1,1,0
3,101.0813611192484,0.11072059332631567,8.37768166591362,5,3.1410325692473546,5,2,1,1
1,170.4126377857236,0.4225484283119446,5.131423935330423,10,4.834944935361298,4,3,1,2
4,64.87081978810798,0.04202467517140529,7.082401166499773,6,2.827646577010726,3,9,1,3
0,201.45778186628218,0.7399041207669304,5.935630217876241,8,4.493485894769447,4,8,1,0
1,173.62987412065215,0.9180765521991506,5.112242633986998,9,3.7698717297660207,5,7,0,3
1,162.80148671569378,0.28003732955048943,6.674474424363444,1,4.37582693954989,1,4,1,0
2,199.1345491972757,0.8583416767991209,6.537275817316271,3,3.2767883207786186,1,1,0,0
3,233.27372222312883,0.29221823046189777,10.640074729518282,7,3.786224005780097,2,8,0,0
4,200.7185032509065,0.9107701616439152,7.649439738041044,6,4.64208837430794,2,4,1,2
0,57.95628843341774,0.7539619035967839,4.933573748868644,7,3.667195247807761,1,3,1,2
2,86.02115166321492,0.8049067768414386,6.152838993743586,8,3.3992996547756738,5,9,0,2
3,118.75907111521606,0.0180065556004545,8.532074943144098,6,3.84038846563184,2,10,1,0
2,151.3045525105417,0.962810357074026,10.132664159304888,3,4.293406882590917,4,4,1,0
3,175.88295102345614,0.7266709920703233,4.621025031643063,2,3.6089083637462567,4,4,0,3
3,113.71280934232672,0.3047510953861333,4.1801134222914325,7,4.847192437855682,5,9,0,1
4,159.33833822385392,0.8293946648588469,9.806447763057673,1,3.2373645601058554,2,2,0,2
3,112.23085338233388,0.28152119841492995,7.5844212660563555,3,3.688659015422801,4,5,1,0
2,119.42410985040259,0.872753839566128,5.69756090218545,4,4.392319148353604,2,4,1,3
3,79.66694515758888,0.11258039041193701,7.801943629183653,1,4.2228027262393955,2,9,0,3
4,103.8383376944548,0.7036859774607958,3.0463783914746836,5,4.65910263104289,4,5,1,3
4,82.41576971918332,0.5406984766449103,7.005063259895741,10,4.992022951702772,1,9,0,2
2,101.20633735113336,0.09653447019544081,7.491731759264628,3,3.567145821987724,4,9,1,2
1,202.682089830392,0.24189382825883898,8.386405209306744,2,2.7778771994582794,5,2,0,1
1,102.53005555840285,0.01240403627731479,5.479156071561194,3,2.57603970201992,3,9,1,3
3,281.61910324186954,0.46876796546450583,7.128530742105038,8,4.317192265349429,4,3,0,2
0,174.66589504404448,0.3012652607600004,5.611863060910619,6,4.685034178271789,2,4,1,3
3,159.2418061847437,0.5983574842977588,7.383075633511476,7,3.0517814648610466,2,1,1,0
2,107.08211099093933,0.2972378077086172,5.656980516455464,6,2.896120092974765,4,1,0,3
2,185.01549397044957,0.2999191115069847,6.387848741259669,6,2.6555127288142275,3,1,1,1
2,121.2181086881113,0.7431931987316034,5.506276907814657,3,4.556757304293016,4,9,1,2
2,156.10049073226807,0.04814283597835345,7.976704362735486,8,3.2784548497314607,3,8,0,0
2,278.00422691343977,0.9028949951919872,8.287676674984997,7,3.5042422318994415,3,5,1,2
4,145.1970050137675,0.8522638743911815,6.64806914506388,7,3.756875479024031,5,5,1,0
1,207.46366631428378,0.6678046832264065,7.0573569924400426,6,4.598633085523877,2,9,1,3
2,114.84117874370563,0.5932215701073843,4.827112878049684,5,4.127083053903712,2,3,0,3
0,148.25057547515192,0.8923024981396522,6.5504850279898195,10,4.037661574644528,3,3,0,1
0,238.5400317817755,0.18533017952871444,6.924693074437383,8,2.9391802498897768,2,7,0,1
0,118.65164711061163,0.07896916219082861,10.931189636544962,5,3.7829747292745743,1,9,0,0
0,240.62242789984646,0.2395101699095381,5.332049461338754,9,4.288452542946638,3,6,0,1
4,185.38759677277378,0.7945782787001903,9.196265858128656,9,4.93315220757623,2,2,1,1
0,121.87666120528661,0.03467026672648332,8.495288160198712,1,3.0035157730333806,1,1,1,1
2,181.62038695277604,0.5828068350834896,7.420954606735204,6,2.5238583826680667,5,2,0,1
3,198.6277224813365,0.9954375161913099,9.6379307262927,7,2.6882535839961745,2,1,1,3
0,181.0904981108598,0.8556960938375394,7.558158208910294,3,3.439631162954948,1,10,1,1
4,71.48876400547718,0.5214456890435895,7.583738793501893,7,4.551361619364968,4,10,1,3
4,113.64314120875656,0.06364090928664234,6.920319020473682,7,2.517855204420613,4,9,1,3
0,137.62406822242477,0.8313735143857098,8.835353323627942,2,3.6418264822146007,1,10,0,2
3,146.2783285449977,0.5989785081772105,8.644703850716326,7,3.3230765383534866,3,8,0,3
0,181.0336048775339,0.11493299705956683,6.061484068755681,1,2.6312042752493188,3,7,1,3
4,158.88505004666268,0.0938572848233562,5.021129208101849,5,3.6255907166815433,2,3,1,1
1,83.23278206449494,0.9096268194365924,6.6955290439065145,9,3.136871768341797,4,8,0,3
2,169.00989255029816,0.6692002629380784,5.7999421534035305,7,3.3797120858675163,3,2,1,0
4,180.52928726419117,0.8292867993167555,6.904713138076968,7,4.264038261960732,3,2,1,1
0,177.989522396552,0.8789789002822673,8.856157202026209,2,3.803877459777418,4,10,1,1
2,204.0390362777311,0.5717723520483222,6.314047517369815,8,2.8116185724820335,5,3,0,1
0,191.6961077274452,0.5174463517550413,6.935764928032638,3,4.903536351059097,3,7,0,2
0,172.95900396142184,0.4304274103209902,7.087034102212593,8,4.089776914274346,1,1,1,1
1,146.49171442706765,0.3169465877911193,8.272646323307928,3,4.4146710641563285,2,8,1,3
2,66.95195332420043,0.43459596085871177,3.629665999023092,10,2.6980328750209273,3,7,1,0
2,171.4809109566293,0.7738796557301564,6.089949557852055,7,2.6176459486500474,3,4,1,1
1,160.38438435815556,0.6019234310151316,7.316925538419209,2,2.548620125920203,5,5,1,1
4,163.57894185976866,0.8925232899548461,8.800118434640291,4,2.971985069433611,1,10,1,0
0,86.16257120898453,0.4433800143791877,6.262146328740692,6,3.536020994296238,2,1,0,1
3,95.94717297958688,0.607089578718754,4.185170940937189,9,4.839565333507057,3,4,0,2
0,202.6576426666452,0.6313075530919887,7.929567168949204,5,3.6426491481644407,2,1,1,3
0,148.02224230716726,0.5916971623063255,6.046956416761556,9,3.2256377634313234,4,1,0,0
4,184.07503486863123,0.7026337730855163,5.215500011364458,5,3.9048381337991582,3,10,1,0
0,151.41591880652305,0.23743346837480628,6.063481915430164,10,2.779836445336973,3,1,1,2
1,151.48780697478725,0.5123637775457907,6.723211963516226,8,4.023764727512458,4,7,0,3
1,196.9141902987999,0.10422480280834767,6.09288300319268,1,3.9210798858262583,5,7,0,2
2,124.19776358913131,0.38451132764481255,3.6916509143513965,7,4.479982583514275,3,4,1,3
3,154.80603884704917,0.4876670686212644,8.345599295330699,4,4.96671902904256,2,2,1,2
0,126.88623556474788,0.6522242595454725,8.912312561918084,5,3.127183679290276,1,3,0,1
0,128.27518862838423,0.9505310525862035,7.977282987009259,6,3.7741411270094014,2,8,0,2
4,134.54139382656803,0.6006510665483559,5.293471494362775,5,4.772163515797509,5,8,1,0
1,161.10668858168563,0.7435939161765598,6.697762699078723,1,4.462974711057104,1,6,1,0
3,126.06256891682614,0.5062660594952028,6.990218027155813,9,3.718515757752019,2,10,1,0
2,212.78780627867604,0.6341040313763313,7.898191584342865,2,4.863429124036944,2,9,0,2
1,105.26963488902481,0.07093221613377343,8.002510733077122,9,2.6430917337920237,4,9,1,0
2,140.65641779193206,0.254391580841847,5.898739301832256,10,4.827496549281459,5,4,0,0
4,128.01344708629125,0.3618530932051387,7.1229933346203405,2,2.6262684809570165,4,1,1,1
4,222.34889421768665,0.47249335500651357,7.685920606922862,9,3.8682618602867107,1,1,0,1
0,159.82773882557873,0.045648745502383736,9.18373348322015,6,4.726102370002714,4,10,0,3
3,201.59222697343174,0.14002409755331768,8.056759809737084,9,3.156802358903257,5,5,0,3
2,75.7219813481514,0.2768143077913058,8.183585031063279,6,3.6806212473628963,3,2,0,3
1,163.35251329346295,0.9715326909010507,7.125739941894041,6,3.3108221978424166,3,6,1,2
4,194.48153978117185,0.33134700710305076,9.115688717805256,2,4.880359792690879,1,7,0,3
0,154.1141994637712,0.48204105811208253,7.614644193939246,8,4.559113986882727,3,1,0,2
0,203.27401875326757,0.19609771273839294,5.708368134739644,3,4.272503778315949,4,6,0,2
2,124.13557749498139,0.6107800710757683,9.105054955187786,7,3.969067466537772,1,8,1,3
4,220.467372009279,0.2806832155159743,8.046854908808541,5,4.55147947331037,5,5,1,3
3,264.9449061809625,0.20699257843842678,6.335433968307276,3,3.4806676038088677,1,7,1,2
4,131.85807197801705,0.5165726284459791,6.280760548901135,1,3.6188796377651546,1,10,1,1
2,127.7248739299614,0.005505799160420821,7.4448633177111425,8,4.325004302702154,2,6,1,0
2,222.66922385588504,0.0076640326492253275,7.694777192901377,3,3.394386908234286,2,4,1,0
4,228.97860728653563,0.21906880910185778,7.295938398446809,2,2.6597523551209346,1,7,0,0
2,123.85699864233658,0.03672136250082114,7.466963010164327,1,2.6858365222151788,3,10,0,1
4,128.99065914520713,0.10802575413069138,9.549936061864571,4,2.78840700326426,2,9,0,2
1,135.91076955697463,0.3388606493387516,8.607314728352328,8,4.674203308359157,5,10,1,3
4,82.77747444828614,0.8025856795798129,7.285953386897536,3,3.680566064390511,4,10,0,2
4,104.06740267579009,0.5720486433693008,8.411965871151224,1,4.2822059233618415,2,7,0,2
2,99.7929616623966,0.5126677259564164,5.451214144708691,4,3.482273339012233,1,5,1,3
2,111.61012174479359,0.29348882320812164,7.596890574920213,9,3.1467773685390865,3,7,0,1
0,148.26575563066095,0.9317537194328164,9.713959524599666,1,3.36798041890553,4,3,1,0
0,161.71073662682605,0.39701504123719167,6.67293115691144,2,4.485455863292959,2,2,0,0
1,227.52502464070386,0.08709276679577149,5.728549107071373,9,4.063040312578595,3,5,1,2
0,100.08229796306046,0.6170665161178013,6.021866667110409,2,4.844099449894755,3,4,1,1
4,199.21611992382918,0.11383839347660141,5.365550443986417,3,4.1992619464420855,3,5,1,0
2,139.30055778872455,0.3452231428016921,5.822857137808445,7,3.9254540793867347,1,8,0,1
0,147.52681451737834,0.5074119387178089,6.444237852114957,3,4.025490022464586,5,4,0,3
0,183.7409746083302,0.8742225246851758,4.8916494712320375,9,4.855928598671037,3,9,1,2
1,93.86389892188507,0.49354658034011867,7.023427500924405,6,4.470502324666765,4,7,1,2
1,169.12048730920253,0.7022587660316643,8.35341576067997,3,2.5601030934160947,2,10,0,1
4,158.3226104106528,0.9928168389990704,5.638365729779619,9,3.835349240339243,4,7,0,0
2,174.62256320040746,0.13148911989798162,9.278925885462654,1,4.220846028866412,1,8,1,1
1,164.4584321953909,0.2747315255195195,7.766188132791392,10,4.371746196097888,1,6,0,3
0,272.7650069955447,0.3945760755976464,8.545870878436086,3,3.032855298284842,4,8,0,0
2,118.1130007874342,0.42182817853883137,6.013248169221795,1,4.66794338612838,5,3,0,0
2,123.45015224990911,0.41102107526554577,8.281787840599923,2,4.88960786793791,1,10,1,1
0,118.84297367876178,0.9076110025565549,5.3620991494070305,8,3.091788264612174,1,10,1,3
1,122.22614404198727,0.7140326444668564,8.335371251254763,7,4.706538643793115,4,1,0,0
0,118.13064363467412,0.6079052140907037,7.257759009690297,2,2.7424469062902386,1,6,1,2
2,209.4508265553776,0.3093727178627821,7.8298768299771755,2,2.639267090288113,5,1,0,3
3,221.02521239949274,0.8237903842212947,5.236608091562722,9,2.8230595002568735,5,9,0,0
3,121.46268531252619,0.9550605114849889,5.657395236585093,6,2.64435269866759,5,2,1,1
4,108.38222134478856,0.8211982825502265,7.895842327380077,5,4.61253059288944,2,2,1,0
0,173.5707778193202,0.0015651051914729042,5.577477993663699,10,2.6476253611456797,5,7,1,2
0,122.38884778595144,0.636401370183407,7.694809438148685,6,3.1791604784091385,5,2,0,3
4,181.64659088777555,0.051135381442100725,4.949293290309631,9,2.759390858839641,2,10,0,0
4,160.14615104256498,0.25760722033372185,8.272261319000002,7,3.2385550907844123,3,8,1,2
4,74.2127942501384,0.059524700347771686,5.151215027847236,10,2.726398669002301,1,6,1,0
2,227.37526006650307,0.6037954529493877,7.8284499065192845,10,4.170008126857535,5,7,1,0
0,239.7938836547761,0.6865899134926068,7.938446400469001,9,2.833317040856438,1,7,0,3
2,119.36056547578069,0.11448763806590512,5.954842272355638,4,4.62961481459722,4,6,0,1
4,130.6149220032008,0.3838388830449795,7.87303985062709,2,4.542977626816603,1,10,0,1
0,164.29326953624525,0.456236508955542,7.390663395000334,8,2.5341542136765236,2,9,1,2
2,166.72283949935124,0.3690530217609166,6.1917372157108925,4,4.739315888787786,1,9,1,2
2,182.92721363364151,0.12102500048519305,5.487167973885688,9,2.5723607918584177,1,7,0,2
4,250.5102269383175,0.4189477901874754,4.056061462491131,4,3.0991144623938913,1,9,1,3
0,141.15263862529753,0.7511780478084181,7.52447507094954,8,2.5809728444399878,3,10,1,1
4,110.08513777307732,0.07100766453325547,4.652795842956918,9,3.3396087175982903,3,3,1,2
0,81.03403859927364,0.08018001408190345,7.143016299161962,9,3.784666314283179,4,3,1,2
3,113.45349800290404,0.3547712918359842,6.604827675876626,10,4.491612172537845,2,1,0,0
1,148.34365135631015,0.941725711618925,8.018714163157293,4,3.34495387617459,1,5,1,0
1,239.7278931758894,0.668572646722914,6.546931750765204,1,4.263725061682791,1,4,0,2
1,124.11943504819143,0.6786699566725648,6.505828320479363,3,2.968761142797451,1,2,0,0
4,161.18939758194492,0.36191999083786497,8.097806056432443,9,4.376496141860316,1,9,1,0
3,149.1788551963624,0.5936607912085384,7.502587043626177,4,3.089991514773094,3,3,0,0
0,209.4196636724042,0.010131184027743378,7.474233935774167,5,2.85886188985942,4,8,0,3
2,276.3466212936811,0.6360960464095422,7.70390138471279,7,2.963522125935136,5,6,1,2
0,123.45656135398397,0.9132869475762367,4.696641815189341,5,2.9551578222046384,2,5,0,2
2,125.52802787408889,0.6125734683448192,8.135183019980474,4,3.7821571984424778,1,1,0,0
0,202.2080438534536,0.873698593466345,7.918703191020404,2,4.611993952970366,4,4,0,3
3,184.09457448131556,0.7239730554660938,5.474975307135255,2,2.699012692481264,5,3,0,0
2,242.33536628680167,0.12055841640369025,6.633879289488698,4,4.267390796233556,4,1,0,3
4,179.1964092662982,0.9024533072858417,6.9410390685585535,10,4.135866149132144,3,5,0,2
0,132.035395460647,0.06644384435577488,6.798254823397401,10,4.681299879573405,5,6,0,0
0,179.53274153461547,0.5339674725477638,7.500789949852802,9,3.110368901267268,4,2,0,2
2,205.4351790291454,0.14213712379345766,9.147050172746775,8,3.6252746467125743,3,3,1,3
4,191.0241090598682,0.011706610730904066,8.622650091509243,3,4.814568436108793,4,6,1,1
4,175.36370155536488,0.422034260127639,5.031671209852891,9,4.149983625338293,4,4,1,3
3,203.3337344794577,0.29504070765415624,7.933104985459073,5,3.4719210321539924,5,9,0,1
4,208.46477952228364,0.486000493797603,8.993399979303113,3,2.828530957138171,3,5,0,2
4,219.10794955187635,0.5771998867345508,7.580212781033804,5,3.1562125197514774,1,4,0,2
4,182.43549437948212,0.04373907230894736,8.63647063777895,10,3.9530386937234585,2,2,1,0
1,141.64409598415727,0.12300329512374564,10.018405668551148,4,4.295419868901284,5,6,1,1
3,157.33568432166615,0.5586423964504253,8.535564319160471,8,2.8110547171297338,3,10,1,3
0,210.32544832541782,0.34316735317265823,7.373962893462593,5,3.998993150110135,4,2,0,2
2,109.1532164506382,0.729173487549448,8.56763271112713,10,3.8758781970968776,3,7,1,1
0,168.43366544364505,0.6522916485919397,7.217331749645337,8,3.78488861672677,2,3,1,3
3,130.33305938363196,0.8456043629899068,7.035854564927433,9,4.22530779420502,2,9,0,1
2,151.4372411467409,0.6924928266692253,6.472878646429401,4,4.593623987708654,1,5,1,3
3,213.92259313036493,0.42993107739014813,9.345120038248162,7,3.307474207942171,1,8,0,3
4,159.55495340099517,0.6729666223944324,5.7723570010869985,2,4.722530475277399,2,6,1,3
2,152.32182740780743,0.2753811742554185,9.298551587017174,6,2.901584031546377,5,10,0,3
4,82.00719295100404,0.3063134987782127,7.749796185610557,8,2.9325596743779108,5,8,0,1
0,187.31267830136102,0.7889851599207933,4.9010407377970875,7,3.1669301590598096,4,3,0,1
0,182.27420905705378,0.4464195164015822,7.551473939487132,7,2.7988271738676946,1,3,0,0
2,258.16273616527303,0.7983803405183525,3.8499602385225637,8,3.075798061707194,4,5,0,1
2,134.61108825234996,0.8224223736682784,7.938262025246553,7,2.7660294072571117,1,10,1,1
3,160.95751638319695,0.8575623376612838,8.327847224483486,5,4.554381042463476,2,3,0,0
3,162.46918418553776,0.9166352358412073,6.11146606652192,7,2.8474224797165615,5,8,0,1
4,228.8726639881737,0.43098522051329624,7.185321543933373,10,4.368243893899642,5,10,0,3
2,145.2352233806524,0.31886681832113883,9.93123615062543,3,2.6197846697833342,2,8,0,2
0,163.95107628851696,0.5821987465941139,6.241379943607095,5,4.871300818784787,4,2,1,2
3,180.39482548582697,0.3711724234376276,5.411638619415099,7,4.277900218819415,4,4,0,0
3,159.3304561578179,0.601074166800233,9.222495103693898,9,2.5169913714652794,3,10,1,1
0,127.67831927247359,0.7055858626438246,9.943880785796193,2,4.409641250500535,1,1,0,1
3,159.7044996449154,0.6884050184921369,7.005543507771771,4,3.785204801915463,4,4,0,0
4,203.6815874929886,0.37455288702012135,8.517194553112535,7,4.4484129258378,2,4,1,2
2,98.67423502944699,0.16686020169875282,9.012213873296322,1,3.8062420222264715,4,10,1,3
0,156.64848370734381,0.43052933846220753,5.886273651192424,2,4.102562144088386,5,9,1,1
2,114.99395925304134,0.14259414408190874,6.272041246948198,9,4.465829138487601,1,3,0,0
3,209.75233144624212,0.8900970351838083,8.846311769732102,10,3.5127701364696415,3,2,1,3
3,73.84065476081126,0.3458774607378574,9.527521418062765,7,2.50677037455113,1,9,0,0
0,122.05390763642058,0.15445974722332378,7.844321290261532,10,4.624866239862971,5,9,1,0
4,168.86059375322606,0.025447759905750877,5.680278469746918,7,3.4522259065616563,5,1,1,0
1,228.27620146171702,0.6458223862864843,9.980591667549161,6,3.7401068150414574,5,6,0,2
0,146.71248694635062,0.6369023174547432,6.203543653282053,3,2.519416605384922,5,10,1,2
1,122.24002366534009,0.34060416658129167,6.497293328242822,10,3.7302300258752448,2,8,1,0
1,244.0578534720295,0.071711888847651,7.5135067517344325,3,4.966218503929324,3,3,0,1
4,77.5993049791878,0.409628894895232,9.331240631072161,2,3.195669152046924,5,9,0,3
1,40.0597021689959,0.3112174950633936,8.280963964828336,6,3.488545675605945,5,2,0,1
1,172.00072250266663,0.6771206397350094,7.622298250542865,4,4.217974991171691,4,6,1,2
4,124.89728878236944,0.6057792494526903,7.694932795177159,5,4.536984168809147,3,1,1,3
1,98.93835914346434,0.36459372819754,7.065272002965199,3,3.543479060015251,1,7,1,0
1,185.41782236496766,0.2178925542549901,7.837209271777759,6,3.2741721760032316,3,3,1,1
1,162.19003568855993,0.9880359661555919,3.2056598834585452,3,4.844564499962668,3,7,1,1
0,121.79606846316358,0.45400162119611487,6.5550888113953025,8,4.192862416679173,3,4,0,0
0,85.98478006645529,0.688274235780237,7.361982902375171,9,2.797553261232853,5,9,1,1
0,193.62286641400723,0.14055296757836078,5.273478874570739,4,2.6723196953366215,5,5,0,2
4,182.51005889793305,0.4855896996593978,7.57948497671734,9,3.7088746269759225,2,3,1,0
3,145.04120681103086,0.027536719869465487,6.6932931685208175,7,3.050225165118181,1,8,0,1
1,242.3318498023833,0.50545511791045,9.633213547473236,3,3.1349618834406336,4,6,1,0
1,96.49576168369236,0.9640174071177023,9.359529587822284,7,4.694230447069621,3,2,1,3
4,73.72374145376305,0.3842067129858002,6.301291646322756,1,2.7239150607907767,1,3,0,0
1,115.40459650593777,0.03899601257491159,6.773743432649957,3,4.288410288072225,1,8,1,1
0,147.7206991822251,0.03095579091934353,6.889078651587411,6,3.17785563345147,2,10,0,2
3,162.16697246613458,0.3879867599468695,6.322510785760566,4,4.400820553510345,4,7,1,0
2,137.9381971071835,0.16002493646319405,7.29253747604219,7,4.306028461158862,3,10,1,0
1,167.60276982571483,0.023352096328185912,5.862576896668615,3,2.5184797536107326,4,6,0,1
0,87.42302879047779,0.7562136139501768,5.304076997593711,1,3.772838532303998,2,1,1,2
2,222.18823020366295,0.4585230088818907,7.934066835850403,9,2.848298705945116,5,9,0,2
3,145.89244108037155,0.2892447719726545,7.944294376332716,6,4.665567576446692,1,3,1,3
2,205.8647915794064,0.9000831830164807,5.793526360510011,8,4.678964707156016,3,5,1,3
0,167.13626731888522,0.11613896020052561,8.343033146143899,3,3.545864518734395,5,7,1,1
2,172.8376609576892,0.9559188289553192,6.052633406252003,8,3.6109890461277017,2,7,1,2
4,178.4883640116102,0.3139667173773528,7.379747857056972,2,3.2582073485113177,4,3,1,2
2,172.38542800086574,0.8884036723086812,8.230516018918685,4,4.291515747400077,1,4,1,3
1,182.1361379933772,0.6029428764794615,6.949581152944431,3,3.3966534075661476,3,10,1,3
1,216.45762650662158,0.8267073597414875,7.682111368211702,10,3.1694811863065846,5,7,0,1
4,159.8260584850735,0.9840131632104643,6.225355534168642,1,3.5805776487612704,5,8,1,2
0,185.4501878794256,0.2884054378187457,6.705300124857854,7,2.7287187959686467,1,2,1,0
1,145.51321528563867,0.961135485407593,6.69121085367949,10,4.3665080116105095,4,9,1,3
3,222.00586077247362,0.38948189490242036,5.8801324801896415,2,2.5314910031794673,2,7,0,1
1,116.18038489703652,0.3855119047369223,6.734838755326327,4,4.111212653801485,4,8,0,2
1,240.04702164554078,0.3403871042545057,4.67707255170438,9,2.957161316887181,4,6,1,2
0,147.99210246778284,0.5414076073475852,6.263269379286843,6,3.0810101155360328,4,6,1,3
2,78.46124489409759,0.1541450431784871,6.572686759945494,8,4.0890799966001,1,9,1,1
1,156.40522074553945,0.5537114853580112,6.61573037125693,2,4.9823586644572675,1,4,0,0
4,115.94741712625596,0.541704812410004,6.637753831193832,7,4.444293722681376,2,5,1,3
2,192.0321774494362,0.76190181260487,6.907353700209806,6,3.06459908055848,4,9,0,1
3,117.36880103488045,0.8336499619375856,7.7191622771290955,9,2.9400618876028344,1,1,1,2
0,127.69082833926102,0.44044135031242404,8.311775611198783,7,4.665582175669176,2,4,0,0
3,55.522963452723445,0.30233324935149375,6.0253521597276,1,3.6104598698037607,2,7,0,1
2,127.38468403754617,0.25933489731709447,5.195198716916283,8,2.8426320070703888,4,9,1,0
2,28.80603366855216,0.19462383670487193,5.436933381635345,10,4.655528558304845,3,10,1,1
2,70.80485882571384,0.05764758219902488,6.269195618207609,3,4.540230882285654,4,6,1,1
3,188.02073280721487,0.34244797883471334,6.472118023275236,2,4.959765909742909,3,8,1,1
2,189.2900079325416,0.27024769213078326,5.845005900703814,3,4.7743592167817095,2,9,1,1
3,171.27287808924825,0.9664173858664074,5.055825003625158,6,4.629475846651355,1,10,1,0
2,101.65119284353935,0.5577088262500439,6.315818758788717,3,2.631435994527508,5,4,1,3
4,147.614432192901,0.34727703903050755,7.272139930170957,10,2.761038423745295,2,1,0,0
2,149.81987304547158,0.580467600993696,7.892544198753347,5,3.922457985760307,1,8,1,1
3,92.08176554037286,0.1391967013456955,6.163865420337518,6,3.828698115704552,2,2,1,0
1,225.16991508835753,0.4440437492022029,6.380503266784849,8,3.6449080362238386,4,1,0,0
2,193.86811452878356,0.6262343214210638,5.609952536729034,7,3.4919733135364606,3,7,1,0
1,138.95179130851682,0.4888978317924514,6.952841244437836,8,3.578026212160822,2,10,1,1
4,151.34429194972654,0.40177880065432425,5.727357048713778,3,3.923244835336988,1,9,1,0
0,160.41914039737762,0.9938483888996982,7.8596917198618,4,2.505191294000203,4,9,1,2
4,47.913256578785465,0.880314762148927,4.3212002620988335,6,3.1517719353321305,5,3,0,1
2,137.64113087397016,0.6234059581594401,6.460555491321307,7,3.7956993017217777,4,6,0,0
1,115.90078760011008,0.5693773611822828,7.451661008787613,9,4.3055402466841155,3,7,1,2
1,99.91899950525422,0.620660479824584,7.275751774483757,1,2.9353917309884907,4,10,1,0
3,135.94498535570224,0.20131210782243325,11.039550495970744,8,3.8672029344685823,5,9,0,3
1,239.88432634247613,0.3951377432643186,7.524700036851861,8,4.286149209714454,1,2,1,0
3,182.0421430633505,0.03945953289089932,5.493918104736984,6,3.6115691447847618,2,8,0,0
0,121.44105051086015,0.47554603748682667,6.85680362936639,4,2.567702834175128,3,7,0,3
2,178.62913906780793,0.5430245839576632,4.335630499800322,3,3.6231703961640918,5,4,0,1
3,219.9677718293001,0.2277497361032096,6.879100376054859,3,3.2411122193603825,3,2,1,3
0,196.23168414563844,0.9640288471655137,5.750415914498862,6,4.824124019253321,4,8,1,1
1,152.9815184960087,0.909454610937242,8.373085413340242,8,2.8115334641958185,3,5,1,3
1,117.65316111472131,0.7221432354559059,6.175689588106698,7,4.1311898887680805,5,6,0,0
0,184.9111656806795,0.5333866287653626,6.82485112630713,1,2.631799415836253,2,7,1,0
1,169.67426927108747,0.869969159647685,6.046663237893394,6,3.6154260945317414,2,10,1,1
0,194.7596610013866,0.1306523438234629,9.608277027779998,7,3.8849487180502016,3,1,0,1
3,181.75859008409847,0.790509794274885,6.518135850823133,7,3.2448873282921635,1,8,1,2
3,202.47763576596677,0.1248208139668483,9.748835565218803,9,3.637689088800961,3,4,1,2
0,123.2382394219716,0.7942106625494054,8.2212276431774,10,2.9088844863254684,4,9,1,0
3,215.86970328171628,0.27576756825135695,7.723100091003079,5,3.26030962367009,2,1,0,0
3,159.87998023461998,0.8770905810181889,7.553099720976279,1,4.052765812275507,2,2,1,2
3,253.76304363126326,0.9440420938253978,7.590695947324377,2,3.2545001396528876,2,6,0,2
4,115.5406090955216,0.14879596940511564,4.1084911309815855,4,4.749357696022179,1,10,0,1
2,236.79819015826246,0.4626756050653935,6.5816749087738655,5,4.0710173941024745,1,1,0,3
1,159.8955391731324,0.9809873781626851,8.267736956776481,9,3.5966225460899612,5,4,1,1
4,117.42909981927758,0.4834074359731466,6.926654224788842,1,2.596892338885456,3,8,1,2
3,125.80570829728393,0.8635475225145451,4.892215229794637,3,3.748870838011678,3,10,1,0
0,133.982634590284,0.5887315221313199,6.9213933241337955,5,4.411940605312723,4,5,0,2
3,171.20829732009582,0.37532990791960186,9.556158274383236,3,3.1638939950310343,2,9,0,0
2,176.14177440177497,0.2857835555258702,8.870337573302079,4,4.516933924121918,1,6,1,0
3,121.31499980307105,0.20322309108608727,6.906993985950953,3,3.129516915127204,4,1,0,0
0,148.78227038695087,0.7617981913776972,8.42717391558713,4,4.5593659698770015,4,6,1,0
2,257.11351793059316,0.3865405068230279,6.450239469447922,1,2.7131708540291934,1,6,1,3
3,236.37715850503557,0.5112754622007512,4.444192619759922,8,4.665459272172574,3,6,1,2
2,171.8161834837016,0.4923254800011819,5.613301017805668,4,3.747966127333326,2,8,1,1
1,151.90017390841,0.5772790292331312,9.344333152762296,7,3.241343974050655,3,6,1,0
1,156.00156633591305,0.8655771456245522,6.589010377256043,2,3.162783126037872,4,5,1,0
3,180.67589863652083,0.9807393435834294,6.634924030937473,2,3.5800263973259066,2,2,1,1
2,98.86037174007973,0.40758420857381694,6.550242705587679,6,4.997623745259112,5,4,0,1
0,137.13117312883276,0.8275189221063031,9.85620488435951,2,3.0508184835939565,4,10,1,0
3,66.57079630612053,0.7645277946547177,9.438938373043095,6,2.7580416221974993,3,5,0,1
1,169.96115613026396,0.5735289514555733,10.3281703501722,2,3.9625879217966546,3,10,0,1
1,182.35979698513705,0.9560471436119331,6.761432184399923,4,3.7213561661006427,3,4,1,3
3,125.8406768850313,0.20047451552840279,7.443436733120643,7,3.8104906776582683,1,2,0,1
2,228.69933816450163,0.10926421030962141,4.725036175868813,8,4.167338543893043,4,7,0,2
1,88.71171684988295,0.8539619669554221,9.215401639177411,3,3.1678601746766235,2,10,0,2
2,76.78125598950899,0.4391498166337483,5.248330673098097,9,4.776662488459721,3,10,1,2
1,161.2225909279986,0.8469688542070605,7.325163345643944,2,3.589180165305726,3,2,1,0
1,202.35491513060774,0.8930902051954149,5.354046208550734,8,2.8227154878561542,1,1,1,2
4,234.19638457289344,0.06245759361907144,6.116699759891956,8,4.355746891834861,2,5,1,3
1,127.055786856553,0.8834647629860607,5.744106353425449,4,4.107760881544626,4,1,1,2
0,203.93404167156478,0.4483190553694222,6.088187108986273,1,3.2893585062100925,5,1,0,0
3,148.07457652496464,0.5104324890042322,6.191315945276532,1,4.053796810085121,1,1,0,3
3,141.36863500295902,0.6265925110932102,6.177596807612384,2,3.049654890922442,4,6,1,2
2,194.1829968743336,0.9263826067300868,8.250000867670462,9,3.612098398351324,5,9,0,3
1,182.616143920671,0.01911609442976403,5.34270581040622,2,4.748531305418313,3,10,0,3
0,71.18039215078753,0.4768434683178171,7.3308121405208,2,2.8338355829018735,3,1,0,0
2,223.82701748629478,0.6877220424305607,8.826938728458337,6,3.466741124968655,2,5,0,0
4,219.0045677073726,0.7227069576982285,6.230205453229906,7,4.552856061800869,5,9,1,3
2,118.72186492452353,0.692532431537108,5.9231216638785975,7,4.923727248515446,3,9,1,2
2,169.79017667187046,0.13443512940812186,6.654213062229624,9,3.6348153410544897,3,1,1,0
1,174.70150931413696,0.29939558837168123,8.769587812541065,6,3.7674990503583685,2,8,0,3
4,163.03368829119535,0.35871552541701346,7.291161446430037,8,3.9304299044594244,4,1,0,1
2,122.484742307729,0.804437207679505,6.203178558088602,6,4.8308703540842775,3,8,1,1
0,116.41883160309743,0.278759872414553,7.725814976782059,2,4.645516977442575,1,1,1,0
0,148.72229645042773,0.21070496386720317,5.346561775245365,1,2.9265028115541107,1,5,0,2
3,208.63645096296824,0.9574480190380962,8.022039265664421,5,3.5918945446176878,4,8,1,1
4,177.1800077297216,0.0088632851134689,7.612910961552651,9,3.6600010704910657,5,6,1,1
4,131.4692833956947,0.9978208556819782,6.538287293291674,8,4.472740279121892,2,9,0,1
3,188.58493553241723,0.6768212988573956,5.742121302329154,4,4.007232206513589,1,1,0,2
2,7.572868968496238,0.8284692994491171,5.669978616574814,5,4.135551155072532,1,9,1,2
4,207.43828501860517,0.29461939634619316,7.802226004518865,5,4.995499769164044,4,1,0,0
0,63.014311061095015,0.014315277667059978,8.843470753733593,6,2.6874001086750328,5,10,1,0
0,131.8779529298434,0.73786951856153,6.044038379456808,3,3.0575245588343325,5,10,0,1
1,94.01650526869281,0.8341445970006758,7.687580055327226,5,3.519739843428867,4,3,0,2
4,85.26592621395471,0.7404761319535191,3.8694594720968967,2,3.369456007622218,1,1,1,3
2,208.04133936892597,0.1428502873008386,6.1230734040142005,10,2.554113903367459,2,3,0,1
3,126.61493993440543,0.7534279222569691,6.953411600693647,1,2.7294440161779394,1,2,1,0
3,167.3251940865358,0.768922782107641,5.635474874527249,1,4.202383228508941,5,2,0,2
2,147.6539710560408,0.6585405156700549,5.595240437815606,10,4.698311158406401,1,9,1,0
1,173.85204136115607,0.7661159327955862,5.99833066529667,7,3.785567528164944,2,8,0,0
3,153.84109455301277,0.8459214396777321,7.43828909248956,2,3.8479776987840824,3,1,0,2
4,85.85038879057151,0.6136041142374584,6.719006472390438,4,3.1377335820809487,1,4,1,1
1,199.813340972357,0.08860471396967906,3.642653150012542,5,4.419690909084278,4,1,0,2
4,125.31217084193437,0.48762780966721087,3.818949771047401,7,4.379486468418141,3,1,1,1
0,72.17090506701244,0.07764933467160506,6.089702233214237,2,3.970914223044142,4,4,0,0
1,128.59424195170436,0.40754303103243084,7.686529879080328,6,3.031660716278357,4,2,0,2
3,225.03798953171554,0.40710648912562764,2.878742735912148,1,2.7425455455927237,4,3,1,3
1,192.51108710567465,0.06600984414024158,6.250404735772554,7,2.6605964396428146,1,9,0,1
1,132.56739327960705,0.3488205339694793,6.210628215223869,9,3.9817401666071945,5,2,0,3
1,132.53711478407857,0.11099809879131484,9.082506667312671,5,4.562588297857,3,4,1,1
1,133.91824743913088,0.8082352100092222,6.422467282430705,5,4.645826079452312,2,1,0,2
4,253.83739917804206,0.9476880259644708,7.574483477111393,4,3.6590551858586244,5,2,1,3
0,169.09677261157768,0.0723164752579386,7.211885710131195,3,4.460678248266792,1,5,1,2
2,171.50208235955347,0.9551152072917014,3.804150280289199,9,4.867200490852559,4,10,1,1
1,201.51417270159212,0.5225765993367452,8.152310824947605,5,3.1879252812201697,2,1,0,1
3,161.93945795132566,0.2995656779538739,7.323094758184432,8,3.4949008659518928,3,7,0,1
1,137.04789270896484,0.07686207527616351,7.762402959511885,9,4.828697481491702,5,4,1,1
3,140.1825075457511,0.5006242680704178,12.889356559654491,5,3.345577418293212,5,6,0,0
4,146.4199370292968,0.7945155444907487,3.8738305907521173,10,4.784690725804491,2,8,1,1
3,148.1388881745079,0.7070864772666982,9.587044974641662,9,4.952612155636164,1,6,0,3
2,186.381477181849,0.05022601146397376,6.568828720899466,2,4.154526821436062,3,2,1,1
0,152.59729429036497,0.07290183536790351,7.430993356604514,9,4.542225723760421,2,1,1,2
3,186.63200386077895,0.4028732826326371,6.931731632048137,4,4.373863910552713,4,8,0,0
3,145.96417099457088,0.2952904940479433,6.363645499902935,6,4.2488356440388095,3,8,1,3
0,153.93175951580454,0.23238432305604784,6.145250607641862,6,3.2673276824530815,5,9,1,0
2,50.089965773394624,0.2810044989087136,7.494263103359514,6,2.6427358447698595,2,6,0,0
1,195.81638373512408,0.8034827432968846,4.724239454992482,2,3.3576293312991266,5,1,1,0
3,167.32442379489964,0.9292280536318539,8.125868751282649,7,4.167339963009766,5,9,1,2
0,199.9005054929826,0.4051026945275664,6.375708392672119,6,2.756322995569503,5,3,0,0
4,5.187231090315549,0.9061110021324971,5.304895991439463,1,2.5297949574456053,1,6,1,0
0,254.41873523903638,0.32149570124788196,6.32498071300628,2,2.8492309315073467,5,10,1,1
4,143.0205185922413,0.4764369863437916,8.885723825293859,7,4.289339816026988,4,10,1,2
2,205.40914083687582,0.22602899781599972,6.196997369475666,1,4.93198425414111,4,9,1,3
1,98.00470364372346,0.640476042175844,7.53768042731443,1,4.957661749037051,3,3,1,3
0,180.63869525312847,0.9789811151748089,5.90356558642679,1,3.7349478728504697,5,5,1,3
3,97.32922184131719,0.6034930960433786,8.136882774885429,8,4.673380752480869,5,5,1,2
2,118.81155196520974,0.35781408411354887,8.028261608185307,4,4.34206613937876,2,10,1,3
0,245.7015676933393,0.6478174459905284,9.772913249944617,4,3.7526005924615085,1,7,0,2
3,140.46587996183268,0.12292067846538757,6.736654081751177,2,3.931901332387717,3,4,1,1
0,160.87164365898616,0.8886590802653986,8.00298220713686,1,2.8430678665421776,5,4,1,1
4,193.5033865344377,0.5030839507798364,7.147101309308417,10,4.844153651541481,2,7,0,2
0,174.78409439863023,0.44934974203964206,8.943807672794522,9,3.379824426829442,1,9,1,3
0,157.52094525717882,0.5858647884535192,5.921751418586904,7,3.615373141142924,3,4,1,2
0,168.24805012331126,0.6247838627894025,8.117507969315922,4,4.179150577494747,3,4,1,2
2,270.17077926191376,0.07177580622651303,6.7079540558249775,6,3.334756178816385,5,6,1,0
0,147.11906014832073,0.6826172212234024,6.9037177343372536,2,3.1356479024723263,3,6,1,2
3,160.05495233574837,0.24193168031552958,7.137628726672559,7,4.077623483175552,2,7,1,0
4,202.5327198003806,0.7139526325065898,7.378360594640016,2,2.5624602057046237,3,1,0,1
4,205.2762966478992,0.8225347943841967,6.825656435317063,10,4.301812780066697,4,3,0,0
0,209.351515278019,0.8039585075525203,7.322069774755789,8,3.7850584246912744,2,9,0,2
2,181.93651110145925,0.5525009674078891,9.367177086343277,8,4.014384326302336,1,6,0,1
2,92.84975436347582,0.5201698923107512,8.478174528422828,1,4.079700398117213,1,6,0,0
3,231.6715766150548,0.14287596133941172,8.303731888745345,8,3.8176253912314095,5,5,1,2
0,92.6827303490656,0.7753461504031356,6.316690710964194,2,3.9563344436018397,5,3,1,1
4,165.13177326195165,0.27140938044671437,5.666138757657514,6,4.209470502224686,4,5,1,0
2,112.2862074990321,0.49669542281794654,8.432950837356628,1,4.382797117949186,1,1,1,2
0,146.79308267035037,0.2842740929275167,8.314070188794691,5,4.318630978215301,1,3,1,2
2,166.43812051517403,0.13382836299969314,9.209006013626473,7,4.674041144330655,1,4,0,3
2,166.06786077251365,0.6295576968917366,6.094029061046156,10,2.973608582918507,1,5,0,3
4,171.09603771176424,0.05433203482290383,6.655677016959479,1,3.502869923729494,3,10,1,0
1,230.68556345293234,0.7486452341262,4.540773756211848,2,4.869490165036143,2,9,1,0
3,172.67671507569898,0.31758679526111666,6.41129334090869,7,3.4914764359658244,2,4,1,0
3,137.79216823546756,0.00013469300448532007,8.49485576586917,6,2.8121751922648066,4,3,0,2
4,198.20435841441787,0.5111291392372298,6.300256931157703,3,3.813612815905449,3,10,0,0
2,209.47352444623203,0.046851908527603126,7.960719692801236,10,2.7737274313861553,1,1,1,2
0,88.61960924315038,0.27616955782089947,6.7142453410032825,2,3.007133096819663,1,10,0,0
2,179.8700034924929,0.7069764874557162,7.486085542332341,10,4.995796891427392,5,6,1,2
4,185.0586371155449,0.06268962162186587,5.278462915276499,4,3.8534065959903296,5,7,0,2
3,135.1218248320004,0.8393384923560023,7.127814174450852,3,3.2101459726010724,4,10,0,3
2,218.78534066558097,0.003819922658583108,2.513296043648915,7,4.986937386434765,1,8,1,1
3,142.49722064837366,0.24682386920190225,6.719655762757022,8,4.916397296387858,4,1,0,2
0,156.2788226735771,0.7409040561520714,4.55429013442729,2,3.601847602710659,3,4,0,0
3,141.34640878580652,0.3162701497293068,8.808991774820225,10,3.151007771969771,2,5,1,3
3,150.7789523790734,0.10189238806601353,8.166111029146768,7,4.595999095230475,1,2,0,0
1,95.1862456552399,0.3602339188004279,7.700006472949122,8,4.289051792429465,3,1,1,0
1,77.99745587028528,0.27039328638452553,9.28150934073907,6,4.217353587508776,1,8,0,2
1,229.72525316124862,0.8427119021605549,5.576625218762744,6,4.732784353306181,5,6,1,2
3,107.65193258408361,0.31334791758514313,9.621044796873338,10,4.2235428346783115,4,5,1,1
4,100.43038252718463,0.7889324717760072,8.398287346390577,1,3.2094948576038727,5,9,0,2
3,42.330494319814264,0.8918721448107347,6.645167069171581,4,4.234657904689331,2,2,0,2
4,118.05191261552488,0.43381741957652953,8.703430220774417,1,3.26453377820916,5,10,1,1
4,83.84551032962509,0.909943143854392,5.340559731382548,4,4.398097449142488,1,8,0,0
1,232.10075800681847,0.37731805396319285,5.7632287577084895,2,4.049369636228915,5,10,0,1
2,200.4908544671317,0.9640784164901082,6.087115415140449,5,2.6935288799618764,1,9,0,1
0,115.59248274111381,0.08928952452557293,6.206533437903977,10,3.7820884060878552,2,1,1,1
1,262.62179026721543,0.6870192665032427,5.415163535859621,9,3.3582524229893522,5,7,1,3
1,199.0882743495797,0.49381404045692867,8.834624600642988,10,3.3214265818307354,4,8,1,0
2,133.75843082456888,0.38764880545564706,6.611718399445253,3,4.005640755943143,4,3,0,3
0,25.02971425632134,0.6327118787486009,7.528757452535319,8,3.305812061173562,4,4,0,3
3,264.5471286295371,0.7038570916343312,6.1444729503794795,3,4.442234370512182,5,3,1,2
3,80.5213766618202,0.004363269650309087,4.269095049177224,6,2.676978590027936,5,7,1,1
1,67.73006265215541,0.16695308874719872,7.405086037587133,4,4.150970630989564,5,9,0,1
0,201.128521600482,0.7130460506343187,4.131617536870335,8,4.522987009141853,1,3,0,3
1,271.98762031696367,0.6663854135782065,6.897048930871797,6,4.182079224801075,2,6,0,2
4,219.2136409255259,0.9660475051286772,4.947527441750784,8,3.743072987549989,4,8,0,2
1,178.195456002618,0.761037790250783,9.980913998846212,1,4.8757675343404525,1,6,1,2
1,179.7377170832643,0.950772707731338,8.367044083262083,6,3.249846224495159,4,2,0,0
3,192.67077793901538,0.702540501534807,7.1586306869072205,1,2.5479197188124445,1,7,0,3
3,187.94642948933824,0.29805220863944315,8.895560016482003,1,3.5799734286586022,5,2,1,0
3,164.0595711984688,0.10536492225085647,5.730526033801397,8,2.5825298397508183,4,2,1,2
4,155.21005519759382,0.7818238633449356,7.815219068005139,7,4.884841881316022,5,2,0,2
3,146.8703436050239,0.6441492214759159,7.2997156505780705,3,3.0247951143701286,4,1,1,2
0,112.30177055666618,0.04818601239329623,7.396030122000505,6,4.472317559872199,3,1,0,1
2,135.9662461566613,0.36005046590097833,8.908530250160151,9,4.436430207935912,1,7,0,3
0,65.35215929023073,0.9567998154842862,8.098738154169704,7,3.044322249207334,3,5,1,1
0,145.0830186602625,0.5004011457102012,7.433085494237535,3,4.053066326200418,1,3,1,0
3,100.57044464245413,0.43272913601970464,4.517668845657556,6,2.6201974212161256,2,1,0,1
2,94.82053413921145,0.457699605159294,5.559930557080804,4,3.7089364642596685,4,10,1,3
2,158.99470755767393,0.20888272400516372,6.815936599606414,3,2.5366178181812167,2,6,0,1
2,219.60011431722995,0.3687071708647952,7.1400585614149765,9,4.802859700452105,2,1,0,2
4,195.91583030011566,0.3698132559871766,5.3046944129891145,10,4.940215060498929,1,9,0,0
3,71.47496981884115,0.0523550201874724,10.617515013367631,2,3.0557069165964634,3,2,1,0
2,100.51859317148313,0.7675676285179183,9.27459108288036,1,3.020265086490932,5,1,0,2
4,197.0385593994108,0.416504431903879,7.903177480588726,2,4.384300441405324,1,7,0,2
1,100.87563032308452,0.8221798868164233,7.108055291925617,7,3.1334484970733363,5,6,0,2
1,138.76834250014878,0.8503480011198954,6.681686545148272,10,4.737691397904612,2,6,1,3
4,177.5026049512276,0.21199405469865806,5.572122309966646,1,3.9348228403074557,5,5,0,1
4,101.58277725681823,0.6573534821701286,7.1162207777782935,6,3.3769440575257805,3,4,0,0
3,155.268775307298,0.4722818041629817,7.386628810214126,7,4.58173436587355,1,4,0,1
3,83.29872525408977,0.8801567379214851,5.1373591367775635,9,3.7335167510334877,3,3,1,2
1,119.93161780243932,0.21574067917645412,7.501264625867346,8,4.779082284271189,3,10,0,2
2,165.98909670712686,0.6778132003100442,6.7671114267628765,6,4.820035591823452,1,8,0,1
1,70.35031332341653,0.6077521222527226,4.138288663183913,3,2.9135503803210234,3,7,1,0
2,172.02373689801993,0.2953014775718328,5.709422483830747,8,2.5058085153298255,4,9,1,3
2,149.01811005366594,0.1366009036511726,6.379591699867533,7,4.959827350356006,4,1,0,1
3,177.6244977208574,0.6516397604772766,9.831531486010284,3,4.765343840318698,4,7,0,2
0,161.19570670323307,0.7385974581323307,7.834829686800637,9,2.6386130892596036,5,10,0,2
0,218.2070214986922,0.31562734376335,4.9967776463501625,2,4.582585659852675,3,4,1,3
4,156.26122513239537,0.6448326040223138,7.729054434126455,3,3.6445123313980163,1,7,1,1
3,128.52972294373734,0.39513090761150327,4.679044016592451,2,3.147404012562438,1,1,0,3
2,156.1148751516142,0.7132068832826177,8.62403658083061,1,4.696866309192325,5,5,1,3
0,177.1649014518194,0.1992152748940531,6.293313022273182,4,2.991668080975768,1,3,0,0
2,152.44300351628522,0.8902150026361744,6.859545716891244,5,4.8682499985501675,4,5,0,0
0,152.0295845601941,0.28740959646557973,8.988694971313285,6,3.014053719248353,3,4,1,2
0,114.90041560966223,0.3677859877561529,5.069254647123625,5,4.034207969321859,1,2,0,1
0,116.8549541224526,0.058091952080349785,4.904322722330513,1,3.057715836322437,1,4,1,0
3,79.86973641001532,0.1115122123212764,6.124601010480992,3,3.8641716624215867,2,3,1,2
1,237.47883715934697,0.5158619027123281,8.557568276528976,1,4.209937824787853,2,1,0,1
2,87.80683823043574,0.2675926767279715,4.720980886784736,5,2.975569827050344,2,10,1,2
3,115.35474011020463,0.8354802257421944,2.751766602834147,5,3.802214456751698,3,8,0,0
3,114.07963672154013,0.014693388654953843,6.323261712386502,6,3.6726493609752975,4,5,1,2
3,194.74621884722205,0.3790940486719362,7.82761119986638,8,2.6775935535083533,4,4,0,1
3,135.2525160853986,0.3373455467690927,8.800392624608243,10,4.545769544188257,4,10,0,1
3,212.3871036336867,0.019327630917601035,6.305257956871902,1,3.3392060016071046,3,5,0,2
4,116.32546878780657,0.12436839900051022,6.382860089325996,4,3.936455493879699,3,4,1,1
2,163.9497081111901,0.41364267491863527,8.730851101383621,10,3.7869605873328362,2,3,0,2
3,108.23264733701214,0.49286458444744663,4.195387450456869,1,3.783151261426106,1,5,1,1
2,257.2574563886694,0.4042897472548691,6.417218837225486,9,2.768055985521219,5,4,1,2
4,90.62007904852436,0.5309376784120938,7.285635834887587,7,3.558705023123332,5,1,1,2
4,165.49103551135138,0.5951316749056815,7.673828081927551,7,3.6309168980164257,1,3,1,2
2,181.6888440466049,0.00992382112783563,6.235289960213676,5,4.334107100911121,2,10,1,3
0,170.6899548725749,0.4640951594535039,7.051661517558762,7,4.600047079801746,1,10,0,1
1,140.7356170561146,0.9634992408875883,3.2675089698805158,2,3.862455695250045,1,8,1,0
0,143.5089650133287,0.5190322801295487,6.012627381499227,4,2.716957385162476,5,7,0,2
0,152.19057359895547,0.6775422674589532,7.680263068831701,7,3.0921236764913655,2,2,0,3
0,142.64989991857556,0.3118638579168832,5.52655894861798,3,2.9123350671318278,3,1,1,0
3,198.19395583974548,0.7739913781527625,7.0884763323843964,2,2.8115376579728117,5,3,0,2
4,260.52615007956757,0.7729214818761151,7.670308751204047,10,3.414748246544519,3,5,0,0
0,122.12541074960832,0.521296047654139,6.486176198713353,2,3.073483755385955,2,10,1,3
4,81.5098510210461,0.9760138232792136,7.255695656494856,1,3.0457577795287807,1,1,0,0
2,145.58589758243727,0.12555021476265338,5.555901152073082,5,2.6367329364406693,4,3,1,2
1,278.98546688271597,0.016947664889580993,6.69008308045593,6,2.5441751119885847,4,3,1,0
2,109.81627160151346,0.770158211757096,7.915324254383834,6,2.7569206066244547,2,5,1,0
2,231.95584027220337,0.8071555373648825,7.235459441452651,9,2.930493698559083,4,3,0,2
3,233.88504070382203,0.12020722912057624,6.120203095654096,4,3.5774593221205078,3,9,0,3
1,122.32058791460027,0.2655828329586061,7.3363246064361896,1,3.7763006532471115,4,1,0,3
2,178.44915395926375,0.01755236336662891,8.071914685954926,6,2.851479795433414,2,4,0,0
2,231.4198311564269,0.2933086107805647,3.925088082133783,5,3.561958353810466,2,10,1,1
1,131.04361295062566,0.7731418739186715,8.738611097433846,10,3.354372105814818,3,10,1,0
1,139.82098199488192,0.5179605277125789,6.495617891978392,6,2.95855910874489,4,4,0,1
2,120.91595430256781,0.3480955931682881,7.638234899860345,3,2.517101870370909,4,1,1,0
1,99.26216346535665,0.3717392949063303,8.795870385467842,2,3.6675446663043543,1,2,0,3
2,117.53612274669965,0.0013536257154681541,4.942489454154301,6,4.214129373162998,5,1,1,0
2,88.80298666188718,0.2998005275652359,5.93583849635868,1,3.0656933353595175,2,6,1,0
3,151.7041734129613,0.6464587416379305,6.567176956186443,7,2.8295170747416982,1,3,1,1
0,111.50133844706791,0.9741944438163571,5.824369718313358,7,4.717606861117405,2,7,1,3
2,161.68929558953738,0.8470608269838995,9.602404863755213,10,3.1875619312194945,1,5,1,1
4,72.20521768981864,0.023594964645529126,5.714841859259811,7,3.059031549481662,5,9,0,0
0,166.54401161072286,0.8985606046748393,6.1666798307697,10,4.64274234902479,1,7,0,2
0,191.67644808044622,0.7831984132986259,7.306583547404465,1,4.542767747916903,2,4,1,0
0,50.31321787142723,0.7803761235709804,5.196775710885866,4,3.620866176311584,4,5,0,0
3,168.70282849237861,0.4579957590035715,6.406478932365604,7,3.7230971535694364,2,5,1,1
2,211.3834496236646,0.3980052929545028,7.476179891875263,9,3.044371762085055,3,5,1,2
3,89.51794906543972,0.3029157288331926,6.500709393426233,5,2.6957541761988937,3,10,1,2
2,233.62861934188516,0.06569485895436578,6.859919711650077,2,3.9335795633891526,3,9,1,1
3,170.95095046830227,0.2282353634936991,6.206001831327444,7,2.745862303975533,3,10,0,3
3,114.74940721207956,0.24660363497802462,4.72829453622885,10,3.6231863673916243,5,3,1,2
4,147.2115461171147,0.4840770697102016,7.482389817008858,1,4.851242996282527,4,6,0,2
3,177.91634562608613,0.747444406596694,9.632399607470862,7,4.882085972926461,4,8,1,1
1,153.80026957062057,0.4738098283979466,7.027602446175157,6,3.0983307163683964,2,9,1,3
4,176.93779962231847,0.057844449447160606,7.337896175871324,7,4.060283550114136,1,7,0,3
3,103.9663203460317,0.9577898009882039,8.039084132675288,10,3.685190660269644,2,3,1,0
0,158.46804120180389,0.9427243190941123,5.096004255179951,3,4.689212818965265,2,1,1,0
1,79.31427515475099,0.7851895431484084,9.55377198719441,3,3.178577160690133,2,4,0,1
1,144.438696932565,0.9913279015642206,7.303493194634203,7,2.509256017081042,2,6,0,3
1,104.80461792676051,0.5444823328002629,9.447785348633664,2,2.9064030148285376,4,3,0,1
4,113.22350287051168,0.9627683502532061,5.900450506714016,1,3.373807002923495,1,1,1,0
3,211.80465876052187,0.07560504061675077,9.727092883836736,9,3.2893028244262217,2,6,1,1
3,204.56550602971345,0.3656807482613713,8.162733241052175,9,4.478407297807214,4,1,0,1
0,180.45690604535883,0.22538126800676583,7.829560128778538,7,4.2014016653470945,2,9,0,2
0,95.38436176637106,0.19583308413427003,7.351036681529722,7,3.248890799037243,3,1,1,2
1,134.1795775152599,0.14080294889267608,6.627207072888326,3,3.6443595429155335,2,6,1,2
0,210.65488499895918,0.6224136415659967,8.80079748771081,10,2.738897759895838,2,1,0,0
4,157.08584568199524,0.7813218557473051,7.21053980477207,2,4.745366112050252,5,7,0,1
3,265.9664769990847,0.5782983994203607,4.049395444619272,7,4.838562061121335,3,3,0,2
1,169.6658919697186,0.14696270958820967,5.3242203074394965,9,4.949508838452346,1,6,0,2
0,159.6024558245016,0.8111237699334709,6.721231371710879,1,4.671382076964594,2,7,1,2
4,134.54417678987494,0.6359547071637285,7.464998474748333,4,2.9349022192405636,1,1,1,0
4,156.6770452391141,0.3881657061269955,6.915117266650157,6,2.615491208004072,3,1,1,0
0,142.3765081809728,0.674130295536063,8.828456184690495,7,3.948991818531685,2,5,1,1
3,185.40543383442952,0.25990497924283285,4.073347203942063,10,4.781512567207776,5,6,0,1
0,197.8351158397292,0.3451922084942105,7.2153819047577405,7,2.943378404149357,4,9,1,1
1,110.70052697460252,0.9174858431319902,4.273031161919268,10,2.5176072865603545,5,1,0,2
0,83.4383523221111,0.2905045056714204,8.139568443226253,2,4.51374011508061,5,4,1,3
4,58.18973134483517,0.4699882681579366,6.858311928336996,4,2.691989210716835,4,10,1,0
0,175.3995663456272,0.8901411373960146,7.629414958036177,5,3.534265079775076,4,8,1,2
3,94.83166969130632,0.7077213502675275,5.704175559115351,1,4.197218342971962,4,10,0,2
2,42.35547035237586,0.06220322616470275,8.919197397486627,1,3.0919939636404505,2,9,1,1
0,169.4289302265482,0.14730304427897034,8.562586996088276,10,2.709906408616817,1,3,0,1
3,274.6499758716395,0.007841590771916818,7.875316454517831,3,4.425053071139572,1,2,0,2
3,149.69645442300532,0.6309217902291634,6.8057241297048385,10,4.075437712217603,4,4,1,0
4,191.9245387225821,0.4476734254104183,7.869785927942698,3,4.971226211217012,5,2,0,0
3,154.09146792737826,0.13427485090227553,5.939661148018977,8,3.360770083299898,3,1,1,2
3,145.05551734044286,0.9579341210567704,8.283333488531069,9,2.6544059657254993,4,3,0,3
3,195.95382414938842,0.5296597239456199,9.474221341485881,1,4.3358750883382395,5,7,1,3
3,135.48627279056743,0.24189329411288918,8.60591583996878,2,3.804333547133114,5,1,0,0
1,163.36961570359514,0.5006035711547075,5.905596295288886,10,3.0330098284728377,2,2,0,1
1,166.08489030980067,0.6796203327351078,7.542125975909654,2,4.454322472511898,2,1,1,3
4,116.59547731784755,0.07623921797356448,5.060287684362028,4,3.0093887146248592,1,8,1,3
0,199.60211747682615,0.274703815047892,7.858585466763514,2,3.1516541370823417,1,5,1,1
3,141.25201216522956,0.8069654908839936,7.675905119293808,7,2.731321385916798,3,8,1,3
0,112.21274202535776,0.45966487040266124,4.1952754907017535,9,3.498580697577136,3,3,0,2
0,176.82549217852016,0.5465771420322949,5.257324234131454,7,3.5473230598435475,3,7,0,3
4,105.07660091044814,0.43281600220946925,6.575291654884349,6,3.786404475870746,3,8,0,1
3,151.40905786845642,0.04389994264300512,6.54871037928876,10,4.272410667809444,5,6,0,2
3,149.54405016778983,0.16574977982015593,5.185784596871792,1,4.765252321701064,5,7,1,3
2,204.2947782915789,0.4455416387418909,7.583468094028276,10,2.8443352472195214,1,2,0,0
0,173.73491164399763,0.20918546540792782,7.3772104134107686,9,2.6358702458716428,2,8,1,2
0,148.7486520627428,0.04997902865967874,6.7085963020322215,5,2.5463280839858333,2,5,0,2
1,190.88831496001436,0.8436496640518237,5.866312749762455,5,2.859053445172041,4,7,1,0
2,219.51037745086566,0.9811925291641158,8.573060689624846,6,4.144873714454064,5,1,1,0
1,177.8905153175931,0.7931428739967394,9.483110669632442,9,4.318692694991242,3,5,1,3
1,150.51763099216902,0.853784921704667,6.274657774230194,8,4.466264283820305,3,1,1,3
1,84.40818838249203,0.24197713031704537,6.081749624267768,8,3.109270529760857,4,8,1,1
4,96.74431684623137,0.9606269755131998,7.736811498117994,8,3.2647370331538,2,4,0,1
4,134.73876478226663,0.19692570445342839,6.462955930379521,1,3.7078366139137486,3,4,1,2
1,119.52438989203584,0.9514298103618323,6.790904199005149,1,2.6579577421505665,2,2,0,0
2,140.6514348507277,0.994819293965951,8.109479727587008,8,4.027853808028116,4,5,0,0
0,152.83249624485535,0.7117228057460487,4.135965868739061,5,4.959337584189394,2,1,1,1
2,176.48463771783653,0.9811437317918219,8.977453487279003,9,3.4020157784450067,2,9,0,2
3,146.47506109704543,0.5695397795671037,7.109020786494012,2,4.38211868772846,2,5,0,2
4,174.3250821913101,0.25954178317609033,6.382760283156729,9,3.7500847889240196,3,6,0,1
0,153.22372074050602,0.43699588566562086,6.866148768667826,8,2.8195296109009567,1,2,1,1
0,51.22667168230643,0.593560935378786,6.943644032530778,9,3.955593622006466,5,10,1,1
3,103.03323030906228,0.07308156202701499,4.403198044832612,4,3.2496856711101625,2,10,1,3
3,142.79562221391922,0.6223432646172461,9.242407341179854,1,2.5860080211336456,2,1,1,2
1,89.51526285794462,0.9811778367622945,7.061988448405928,1,4.087324325294359,2,4,0,2
4,179.99643649981022,0.19010764978372763,7.664503195671063,5,4.6473308733118195,1,7,0,2
4,226.53754161718487,0.7925951162883833,8.427324655861064,2,3.3619244172496856,4,6,0,1
2,210.93809258486584,0.9078987937796194,5.46825631365955,8,3.475738868031926,3,10,0,1
1,139.3278564534896,0.9437015928202208,7.710207848552843,10,4.727554207418029,1,1,0,1
1,224.5363068424976,0.9601356044054472,6.59853836365181,5,4.53402203341839,2,1,0,1
1,157.43337286010558,0.5214596387214719,8.27015616282474,5,4.287382058879443,1,8,1,0
1,133.14570144409802,0.9773079079915037,3.809158869472757,2,3.1219926593828697,1,4,0,1
4,119.32986682295301,0.7573102071344389,6.851358549638096,7,4.775541637416611,1,5,0,3
4,134.8765156755936,0.1616714362369619,6.095769016324057,8,2.8860393938480327,4,7,0,0
1,130.59115907293855,0.47690010646797,7.648394425951233,10,4.066926298543055,5,8,1,0
2,158.5208111187744,0.718331175372004,7.705066281052304,1,2.5720029513662968,3,10,0,1
0,158.02869905249324,0.24734031581908333,5.93856115776696,2,4.109299515812364,4,7,0,2
0,150.15230100767073,0.6406151835488874,5.931739203735935,10,3.1928608796833995,4,2,1,1
2,171.84690848731748,0.6666004790466192,6.834001947164006,4,3.6241924429593,5,4,0,2
1,209.53231373931706,0.1626997438085659,5.655036659027187,5,3.3631613801426328,4,10,1,1
4,197.4777067720662,0.5650853124527563,8.26297554317819,2,2.9318918906155247,1,1,1,1
0,75.75510157750483,0.7716269109786077,6.446189199328831,1,4.054951975234685,1,10,0,2
3,22.303943254902265,0.4988956645359419,2.639517671017538,9,4.704938887851519,2,9,0,2
3,196.7159955619637,0.012103116776107425,6.437766915067291,1,4.897710605706008,4,3,1,2
2,81.65606507922895,0.009038469079292177,5.442184268734041,4,2.9808659078847874,2,3,0,2
1,138.76172990536583,0.3570293439700122,4.553086276808582,2,4.293431935157433,3,10,0,3
0,91.49434869703202,0.926194068431782,5.143860042666141,4,4.160848416514206,1,9,1,2
1,59.900978120999014,0.22867677960360877,7.164112707749455,8,3.3584444739364314,3,10,1,1
0,177.07313641023939,0.6343636888716871,8.992961242372347,8,2.5477479983843145,5,3,0,1
2,187.95775801513236,0.22207587069332058,7.46977671079747,9,4.224478118282166,1,8,1,3
2,121.17447996366403,0.3216699896595486,6.09024491767639,5,4.86373715139875,3,2,0,2
3,20.4478853927545,0.848042089601484,7.6838562927560545,7,4.080300304789128,5,3,0,1
1,122.68777758737586,0.7288614422699469,6.311364534671513,3,3.588231810469085,3,2,0,3
3,169.59020027012733,0.09539927731321063,5.958099446255283,10,3.812884735279071,5,1,0,1
1,76.05442156129357,0.4287020209864336,5.268455997650523,4,2.9990720191497937,5,2,1,3
3,159.16799598895778,0.029169763645264468,4.372256789872422,10,4.376360409384343,1,8,0,3
4,149.2345075413502,0.480890146603009,6.415114440160832,9,4.366049575024622,2,9,1,0
4,178.9645749800544,0.6624340117010681,7.237080234880198,10,2.863793250968562,5,2,0,0
4,155.97901842070766,0.11850262359815156,6.855064494977666,10,4.694945956249148,5,7,0,2
4,101.34655295592222,0.28888493890916567,6.376049608078962,1,3.172974348683263,1,5,1,0
0,209.82857508322456,0.3978366255021569,5.581380908954828,2,4.955640152341537,2,3,0,3
4,142.0735213486515,0.9195310246560497,7.9123692875274525,5,3.4572575350931145,4,9,1,1
2,148.6347730245034,0.993255015422964,5.024302120080122,3,2.944710146836249,4,6,1,1
2,103.3366020463402,0.044911298995615856,8.164041870765214,2,3.3793002783641306,2,1,0,2
0,127.83588744042449,0.761007923495392,5.4966744716099125,1,3.600450821742983,3,5,0,0
4,105.75986429865495,0.37172406640234323,5.871347143970448,10,2.673269432595737,1,7,0,2
4,141.35269700382884,0.39245818622948003,4.799822214076484,3,3.9455459530582235,2,4,0,3
4,235.58542400711718,0.7542649733470227,6.247896779671545,1,3.994081099672251,4,8,1,0
3,81.40494285343219,0.9184264321454086,8.462968687716968,1,4.34732613837368,5,10,0,2
1,69.32193010616294,0.9509285945025484,7.773442132665934,1,2.572924730726858,4,5,0,1
3,223.55851637468044,0.5771225860383208,8.467633168042052,8,3.8530955360845756,5,9,0,1
1,139.5338161424067,0.3571211593005028,7.7832138189009035,3,2.632268583176661,1,9,0,2
4,116.54636306700417,0.7875490858587793,5.344495257204446,1,4.252860549916633,5,9,0,2
4,201.99523436980382,0.25100138326230026,6.503816163508664,7,2.6393199642524614,2,1,1,2
3,119.71922301315679,0.5640740288335178,5.8297013063238055,10,4.779319620854082,5,2,0,3
3,241.3004856773468,0.35857846152487316,8.99586235605856,3,4.255206417211241,3,3,1,3
1,183.89629356696344,0.6566310737078761,5.204817030360532,8,3.7684744127128926,2,4,0,1
2,125.60442959271487,0.2403989128935069,8.340546534083666,4,3.6037598082029376,1,10,0,3
1,257.86541066327516,0.19159294573482577,8.339430805163154,4,2.826681576033156,2,9,0,3
3,119.71425384983309,0.9182390866754371,9.74443030257413,5,3.2274984739116577,3,10,1,0
3,187.10476860046535,0.1018036829495369,6.385470111055754,6,4.67239776255224,1,6,0,3
0,164.9646290203246,0.5059579077349317,8.068483239370243,7,4.761132028906235,4,1,1,0
3,215.0870644699399,0.22085278296300892,10.422477754808265,4,2.5018692709263277,3,9,1,3
0,228.07555983634262,0.03892996332566745,6.073537484599455,8,3.9853409786938783,1,6,0,1
2,151.60020745328833,0.03601881829142639,4.69743962870146,6,4.298251522562784,5,4,1,2
1,112.32910648269083,0.17522177210582734,4.179984949138355,1,4.046867456144016,2,4,0,1
1,172.9986071469558,0.8667703545060003,8.069068043291997,1,2.704199412165885,1,3,0,3
0,116.1142315123947,0.28247874397702666,4.1752746879121245,9,3.0443122469972557,2,7,1,2
1,250.66936237633115,0.9504591705752957,6.441521420593116,10,3.125850668453465,5,3,0,2
3,156.82676655413687,0.5816222929891935,7.655969780558441,6,4.579311578262724,1,2,0,2
4,131.73392243439457,0.4366141897687661,7.277763305244871,10,3.6579985907723014,4,10,1,0
0,159.23401529324542,0.5800888346694546,7.638167296276258,8,3.717070529853092,3,8,1,1
1,82.64368552351517,0.5166983852262678,7.333434783701281,7,4.837232616386272,1,4,1,0
0,101.41929807446742,0.7587762537573252,8.918298719970089,6,4.0927147221367886,5,8,1,2
0,210.02069539722126,0.28249606597285226,5.571525428891805,4,4.7466692538816595,1,1,1,1
4,117.15528605143021,0.3530503916003024,5.984507292312204,7,3.6412721383538322,2,5,1,1
3,97.65445086590302,0.8940943025332507,5.8410108320937635,9,2.8735906462957357,1,9,0,3
0,176.83263762636432,0.9464565131504055,8.245287717793914,10,4.824838985185214,4,1,1,0
1,209.28520773314983,0.8925582274864745,8.350597882592595,10,3.6467627891688457,1,4,1,0
2,185.94766553325334,0.4194479939573136,7.676837978977762,7,2.9540785546970545,3,6,0,3
0,199.80238429029083,0.7803655030068817,8.775240500334892,1,3.2559893507598057,1,10,0,0
0,112.16024557152696,0.4763357333010988,5.232938698935429,10,2.627006474222356,2,8,1,2
4,78.90946666290782,0.4975398521461022,9.500836167326705,9,3.670751478640963,1,3,1,2
3,225.06668259777433,0.20468010905728395,9.284857932568388,4,4.632820429775592,4,5,0,0
2,133.86600805789323,0.5911303032585165,8.10343299586862,3,4.833951140016723,5,7,1,3
1,137.45834917724764,0.18613589775334793,9.67269836315659,4,4.831505518759109,1,1,1,1
2,216.4097070924529,0.33156469906719377,4.515065188483339,4,2.813075064071867,1,7,0,0
1,177.811500470033,0.8550302016199351,6.213327795606022,10,3.4551347062776427,3,8,1,1
3,172.79438860408038,0.20707580921085522,5.897044808977071,2,2.570571899126766,4,8,0,3
1,258.2501172450542,0.07115828517343281,8.082218985636015,1,4.637913362428682,5,9,1,1
4,117.82408848099286,0.0690075926128163,5.424788890596782,10,3.3968894050531846,2,6,0,3
4,196.39200640406187,0.9407845205031079,8.136242724006228,1,4.077792569730587,1,6,0,3
4,152.85065624485424,0.5069204379618346,9.055804215995071,8,4.287246095193222,5,2,0,2
4,163.42961394316285,0.40941207181701833,8.042804350126,2,3.5746116743578886,2,3,1,2
2,226.42342132062657,0.8108785810079184,7.425626535492252,10,3.2661058413756074,4,4,0,3
3,175.39178781448118,0.835825927910516,5.518189988648876,5,4.905532275289861,4,4,1,0
1,176.91480395248163,0.3321910331156046,5.729723550811953,4,4.9112205625596355,5,8,0,2
1,203.6253668654901,0.6936180574737952,8.874428357945,8,3.223590920075055,2,1,0,3
4,131.75236352285575,0.7711228158518866,8.169023505857998,2,3.6990627418611455,4,10,0,1
4,108.03951663304969,0.6546506868659545,6.941470720933684,10,4.932110396650057,5,4,1,1
0,97.75954029894832,0.15159507480009937,6.373135681351164,9,2.512171019138758,4,4,1,0
3,51.682170531199915,0.875883083517057,3.961288190332935,7,3.531695620947873,4,1,0,1
2,252.8103564970161,0.5390945527360087,5.393721371973342,7,2.751143874202421,4,3,1,1
1,94.83958171391583,0.2824724263700037,9.867128630709585,1,3.7728949139065064,3,5,1,3
0,138.9373188207114,0.4252281854376939,5.0793166434963,2,2.5616748863512178,2,6,1,1
0,136.15933500555397,0.03757109039890738,7.284219731831621,4,3.51724607847657,5,9,0,1
1,165.37033489045504,0.12786680122241756,8.511165959792798,4,3.0517476869633375,5,9,1,1
2,190.78686062696482,0.7655467505158609,5.117615997996561,3,3.833270906146852,2,9,0,1
0,193.02367441798725,1.1634755366141114e-05,7.277065712171625,7,4.989984122751749,2,1,0,3
0,120.84612807155308,0.4165658284822922,8.406873306265982,8,4.5013402628168695,2,9,0,1
3,141.64391431067943,0.5225101810855884,7.018748982860876,2,4.614105229061053,2,8,1,0
2,164.12899752441498,0.054634420000972295,11.302604583500152,4,4.0881624683977025,1,2,0,2
0,137.56544369082263,0.9730781629723328,4.497101111682707,3,2.6038996206806466,5,1,1,0
2,230.36727880099963,0.22612533124967193,8.588092794825819,2,3.0169941901103603,1,1,1,2
1,174.54874758191255,0.30419871963628087,6.740797393905304,6,4.812661391117637,4,6,0,0
4,186.74388930249086,0.30394251225502733,8.157880232255012,4,3.415282794821878,4,9,0,2
0,183.14406343337063,0.2304166621173499,7.661960727548869,6,2.759091816201989,5,7,0,2
3,208.67369287426624,0.001473822086311416,5.9002657043350055,2,4.256013414665505,4,5,1,2
1,159.05107793518533,0.7293447940879964,7.34349458868901,4,3.248644309835637,2,2,1,2
2,85.15840260220767,0.9668454997992854,4.213147822902569,6,3.1721422822604293,1,1,0,3
1,169.9843975876321,0.22429348328504506,7.904871250857091,5,4.99494363889565,2,2,0,0
0,117.43215531040855,0.6630471918034224,7.447237698985789,3,4.645347312566636,4,1,1,2
2,123.56916591251216,0.7418963269587151,7.957990252964653,8,3.519844545919603,1,3,1,0
4,179.31820093775465,0.8484253790905247,8.587177487630726,7,4.950653019541248,2,6,0,1
1,211.9141535716818,0.4226291970136091,7.551429760314567,3,4.125283058548034,5,8,1,2
0,151.0635788368031,0.30293090564042924,7.222134129697414,6,4.355056129699401,2,3,1,0
3,165.44165062994819,0.3252951340230311,5.678397495008062,4,2.578782607705529,4,10,1,3
2,235.11074723176188,0.7126213330985128,5.931668854526423,5,2.8040131483701427,1,9,1,0
1,162.0376589744284,0.816779466505636,8.780101930265996,5,4.082712816240596,5,10,1,2
1,280.08415570901974,0.18161396775660266,9.154503108558968,7,4.74755995662371,1,5,1,1
4,178.2754822815772,0.3709410081577652,6.642834345531919,5,4.059359315218989,5,7,0,0
4,61.96186204220912,0.90194019674915,7.069004120879911,3,2.8350622357974795,1,8,1,1
3,187.66708105522662,0.8066935196947392,5.643078437509351,10,2.7894001156158117,4,3,0,3
3,169.05791924413887,0.9848584027624758,8.759135267901167,5,4.610464739560204,5,2,0,0
0,214.48763770413728,0.7542482596820808,7.9981252355376675,7,2.848255846769786,3,2,1,0
0,183.65906756349793,0.39319520102792227,9.911826154695625,5,3.800579901260064,1,5,0,3
3,143.0772008008113,0.5906378339946378,5.682515384230392,5,2.5927832999057556,1,1,0,3
3,88.78508818553172,0.6610142542473203,6.432988151472674,9,2.7016744184779435,2,2,0,3
2,139.54883713569873,0.07845581631712395,7.347168883788359,3,4.180870669107162,5,9,1,2
4,107.47397728953499,0.5444969591038651,7.969734306588656,6,4.222953526068792,3,7,0,2
0,120.97382750976386,0.7093208284726096,6.676498543678552,1,3.353673516521106,4,6,1,0
4,179.42892022103047,0.16732130400106038,5.6905583643194495,10,3.0390244131076116,2,9,0,0
4,233.4952252175703,0.7806317174255571,8.322111293385356,5,4.5342756768932695,3,7,0,0
3,169.73357649114905,0.5837727805141116,8.081703043818372,8,3.042758073674726,5,5,0,1
2,90.20584689824078,0.9522217856975946,5.625588849154413,5,3.8550676741659493,3,9,0,3
1,172.23013341100705,0.042422298206891695,9.033164201658243,9,4.920522102157264,1,6,1,0
2,209.83157433228257,0.26532613755546697,8.755298063794905,6,2.8696310946559596,1,6,0,3
2,119.5108547840309,0.6015538792998241,7.201444745871689,8,4.852190668736772,2,4,0,2
4,143.2991416663541,0.2965599122059307,7.1193967935640545,10,2.957232632671672,5,1,1,3
2,150.73440973645987,0.7144241640712422,7.831086656673861,8,3.918608020058074,5,5,1,1
0,110.75508434588801,0.759005282521931,5.707445394615613,3,3.4425192798968616,3,9,1,1
4,182.41402169219296,0.10251596406647445,7.045047218746123,7,4.912321503754565,2,8,0,3
0,143.9525925696109,0.5138544642067677,3.7714246830862295,7,3.1838550725048425,5,8,1,1
1,170.97662219535138,0.5088905555910559,8.314683468254403,10,3.499145005214384,1,5,1,1
4,105.62539110989499,0.36928077021554107,4.65776016633721,6,4.957150294638551,3,9,1,2
1,128.1270849838295,0.9329248625696721,9.255129742643499,7,3.841175977971183,4,3,1,0
4,186.11906789138857,0.8275063198732212,6.504819859050325,2,3.7565752890531336,1,3,1,1
3,131.35834239541165,0.6972093819096368,6.682499527103235,9,3.144446220509978,2,1,1,0
2,236.34819256167026,0.7143266357349976,6.058399140873242,10,4.253408900776104,5,9,0,3
3,130.01819071926988,0.4617161438131191,6.567941689116886,10,2.535932379444444,1,6,1,3
1,161.23423628759429,0.9209945210965759,9.127797017722056,1,2.6237815742557338,4,2,0,1
2,196.6295415936545,0.6945954272532854,3.268287015197381,1,3.9983964678395068,4,8,1,3
4,79.08171335334842,0.7289810616558164,8.915448079132283,3,3.3541864345461354,2,9,1,2
2,61.95955940096121,0.8616909037873453,7.507035221652562,3,4.883290930502401,1,9,1,1
0,73.71718427149526,0.274071589342191,5.189467528214177,1,4.757976726806964,3,2,0,1
2,213.1292051713591,0.807070903866703,5.387031410426143,7,4.284265646691768,1,2,1,1
0,122.40709270537766,0.19524060295649204,9.514589540812304,4,4.545363952819503,4,7,1,3
2,277.9099642834126,0.34534195224488784,5.581739680085903,10,4.168329624169234,2,4,1,3
0,121.78762006713058,0.3356104542698427,5.269974234106061,2,2.813955256775402,2,1,1,1
1,159.22756515985185,0.9785254683891406,8.705971813547094,10,4.413858424223006,3,8,0,0
3,227.10549762839378,0.8565372237479268,7.5078293144288715,5,3.025479921797116,2,2,0,3
4,250.30464440795615,0.7011698615902597,5.5931116351954016,6,3.308607137750492,2,3,0,3
2,253.0751788318199,0.7270567616153901,7.324937463106928,9,4.548085530256051,2,5,0,1
3,210.4183115296571,0.5620727944025711,5.461370974539584,4,3.8413140209836207,2,3,0,0
4,201.20312629057312,0.9470906671085191,8.651232097633908,2,4.649851785458523,2,7,1,1
4,179.62634746005915,0.49625875288236154,8.5920564473097,5,3.0325882996081606,4,7,1,3
0,188.91805380833188,0.3805177098698945,7.798009298232914,3,4.019446096517218,1,2,1,1
1,122.44071418357333,0.163035336931591,7.542491591870525,2,2.709477431370654,5,7,0,1
1,109.09005582888464,0.786205652261058,9.641782187301061,1,4.1076524838500745,2,6,1,1
3,149.8312771294524,0.7344439320755914,6.999529491082338,10,4.406335094438837,5,10,0,0
1,141.49076887375358,0.3843550385241349,5.227188811868798,2,3.9623272349468044,5,9,1,1
2,127.33859753363625,0.02519341395922936,7.67421086924846,6,3.1655787537470257,4,9,0,3
1,184.81937237283577,0.8389973277180107,10.12907057430567,8,2.5783566721471667,2,2,1,1
3,197.76526042852555,0.011417983454073632,5.477860760221222,3,2.7986222099107145,5,7,1,0
1,154.42034431459237,0.703699779629051,6.457805849959021,9,4.055757447685066,2,5,1,2
2,223.8765040527631,0.970257109726057,7.624669057152179,9,4.8360505421062845,3,6,1,0
0,92.91554429332476,0.43766132814820347,6.919142726491391,2,3.016336009930016,3,1,0,1
3,140.31702703601408,0.23497340499595276,5.526544629434028,8,4.337565372762747,3,7,1,2
0,114.15888396985974,0.7048710100433817,8.682786784345707,10,4.666127658122604,5,6,1,1
0,56.67316914634701,0.8171281420155851,10.48006108302589,5,3.8022054461187778,3,4,1,0
0,145.86596570786503,0.5464303160778473,7.294197188535861,4,4.173164489609144,4,1,0,2
4,143.91262458083582,0.9670352752561462,5.643897565395999,10,4.53753829169037,4,9,1,2
4,225.67248716210656,0.0516687216579611,4.676559212419788,5,3.151687894351484,5,4,1,1
0,181.54058422773886,0.5047955983045281,7.386963971831771,4,3.2422391856701074,2,2,1,1
3,98.79065878353975,0.7184539473225501,8.655816014974386,8,2.5015687915711404,1,8,1,0
2,242.70462831670943,0.862640471149179,7.712751619743073,4,4.907735327244506,2,2,1,1
2,211.05168477626765,0.17925561190779005,6.996394238621719,10,4.793862236490861,2,5,0,2
1,179.10488517343077,0.8000034817636814,6.116092522316041,6,4.411420659398576,2,6,0,3
3,138.6757950575084,0.5527070757185453,5.361754550922866,2,2.6976900524416205,2,8,0,3
4,102.02803816382601,0.3965536819899632,8.252126989487323,5,3.61875722424877,1,1,1,0
0,131.38966119644735,0.13171502857909356,8.370657432078378,6,2.754729384928882,3,1,0,1
1,204.4374309852093,0.8652957589089124,4.6814053199639005,5,2.5398006681569965,2,4,1,0
2,244.22931529673045,0.15727320817971535,9.384758467271027,2,4.040457413031493,4,5,1,3
4,227.16217641360944,0.30978785920909924,7.861106831341002,7,4.902073542700471,5,9,1,3
4,125.5575289106863,0.2900455319624369,9.09939196771869,4,4.757170058580375,5,7,1,1
0,94.01912833554944,0.8714140341908543,4.986808377272327,8,4.241887037338511,4,7,0,2
2,157.0443123455602,0.672702994208898,4.951263766876842,7,2.741601460412179,2,8,0,1
3,61.578031721857414,0.7966813971913723,6.776546035349055,7,3.1854100941807504,1,5,0,3
4,166.15838570923907,0.250467898792499,7.754176640342791,9,3.3001418172132273,3,5,1,2
0,142.61987068506656,0.6248740996069989,9.694541234390446,1,4.407875144363903,5,1,0,0
3,126.6981749065879,0.5717459831437487,8.059118370722697,10,4.505622948087785,3,9,0,3
2,70.26484663666022,0.8328303767882711,6.63597808478195,6,3.4627653074748013,1,6,1,0
4,175.68000532848583,0.9060870604812605,5.460446188501162,6,3.544709991544024,5,9,0,2
3,123.36495801690444,0.012156771477386807,8.845000859078725,6,2.6112725981904283,3,3,1,0
3,91.5041582144856,0.6740199190587927,5.552941861373927,6,3.2228417960469025,1,5,0,3
3,6.3868893359175445,0.05183579911972902,9.442702832158481,10,3.6282129429441,3,2,0,1
4,148.6242547474682,0.5488586650773559,6.573423025590236,7,2.792457615963144,2,10,0,0
4,238.6125798334872,0.2876327290436782,9.385873108926775,10,3.6331686518875532,1,5,1,3
1,233.0629607273935,0.3067765995221412,8.018396935088917,6,4.632939530644501,3,8,0,3
2,127.14518717068641,0.3529585034523566,6.794506765836313,1,3.9533025493126335,2,2,0,2
0,119.88939698191098,0.6212924490496101,6.22090544226081,3,2.6973246375960307,2,8,0,3
3,173.43871280375117,0.3340499656687692,6.48863818398088,2,2.979178297075686,1,4,0,1
1,100.08072804058543,0.7326990505902804,7.642475038562856,6,3.6863608753963906,4,10,1,1
0,165.0895949909733,0.4045273855738697,7.115734744326575,8,3.4037178745545305,5,10,1,0
1,188.3040139192345,0.06835320030995862,6.109282887896942,3,3.396817548865247,1,1,0,0
4,211.3466611942154,0.7837598424841072,6.7515528845235515,10,3.8231686203589756,2,5,0,0
3,144.99229617600236,0.285758324592706,7.1178655445787244,8,3.9609898039736438,2,1,0,0
0,139.8163124911517,0.43276687959926263,3.8068988583777816,8,4.492153925690477,1,7,1,1
0,106.10087066217196,0.6854438832219015,7.687252172183048,5,3.352416408656212,4,8,0,2
0,108.65598229800699,0.332456157148712,5.530418162924789,8,4.513665707601467,5,3,0,0
0,138.67605540492366,0.056585656146715624,5.270001395191382,6,3.3465280727815814,3,3,1,2
0,168.3682753408089,0.3739210470128136,4.468983479333934,5,2.6385824723530846,1,7,1,3
1,195.67923131166248,0.9444485826943034,4.309161253198164,9,3.885469127511978,5,4,1,3
3,109.84105246598276,0.6417343972985582,4.966828745331567,7,3.9697558122370364,5,3,0,0
4,224.6344284479761,0.6714791486672069,5.936468563554264,8,4.83635061405465,2,8,1,3
4,136.44381994787156,0.6322821536376398,9.929888706289852,1,4.315153315156186,3,3,1,2
4,148.93163528257818,0.1989921389594368,6.211180486157194,2,4.794431631236099,1,7,0,2
4,112.63941604260883,0.41833386410228013,7.266625159402047,8,4.770868025607523,2,2,1,3
1,28.78798698635292,0.7509397983633183,7.6007220797594925,9,4.0114352756456055,2,1,0,0
2,194.20226981805249,0.10137289755315915,7.196597779323773,4,3.819405163341119,4,6,0,2
3,186.84219485462165,0.27785277608971226,6.8838348089110095,10,3.893602417909,5,8,1,2
0,135.93362214408933,0.2763191084658536,5.2070593546011334,10,4.9458270191931195,1,1,0,1
2,153.3495358612436,0.432018927594506,9.176391322418818,9,4.432919229367397,1,10,1,0
4,175.79696088520498,0.9803687409421851,9.710794965456827,4,2.7656647619809895,1,9,1,1
2,71.87270715567287,0.06750254668382194,4.476011958815971,10,4.4460710169535,2,3,1,3
3,123.54736613268526,0.518700994380595,5.46395711367043,10,2.9263451222455648,4,3,0,3
0,189.71323398109135,0.17936468201221045,6.580284486434491,10,3.618376372514064,3,4,1,1
0,87.28552884153753,0.9706765454097441,5.553193307634713,9,3.026149180441336,2,1,0,0
3,164.67789660833145,0.1133035047274642,7.758948330183798,7,4.223957663833074,3,9,0,2
3,82.17090976882974,0.40360100236159124,5.90759169639008,2,4.6932743404825885,4,3,0,3
4,173.3214991216763,0.7378849848346062,10.247584101709904,9,3.2259047134167025,5,10,1,0
0,148.21792588512582,0.7045544280274453,8.785822891515394,4,2.705026853020469,1,4,0,0
2,69.24340920472453,0.42272863689393225,7.3188610459483225,8,3.2462327451874082,3,1,0,3
1,208.23696772285857,0.34652416795271823,8.540479394979599,7,4.180904644830486,2,4,1,3
1,113.27042116009754,0.39761237855287057,8.658850636535963,7,3.321900318886125,3,1,1,0
3,109.48737814928094,0.2642762631586393,6.154078767912635,8,3.1952804188845088,5,5,0,2
4,160.02845986154713,0.2053329387067998,5.775674133187053,1,2.9610879764606626,1,5,0,1
1,207.43186747143577,0.48303969755889,7.117214594454471,5,3.743791067186084,3,7,1,3
0,99.20890905108016,0.2685337560676073,8.292454186746916,2,3.189872070392969,5,8,0,1
3,153.08399249239858,0.2874616648972501,7.208590597980127,2,4.327525872848708,2,4,0,0
2,171.44082501652866,0.6567560634745571,4.634505276713504,1,2.691556004980507,4,7,0,1
3,184.6552803631572,0.9685373316998922,5.795763334073737,5,4.160082582778294,2,4,0,2
2,158.82207776386127,0.6036372005593751,6.8890407046084325,2,3.0939000364194245,1,3,1,0
3,131.6486080458339,0.07697946706496628,6.886501593511254,4,3.723198152629008,2,6,0,2
3,108.62048896756401,0.07558361385406698,9.958813265184713,3,3.215224805078152,2,4,1,0
3,154.30719415231874,0.951423220845566,4.921018086401503,3,4.306921690026989,2,3,0,2
2,96.39304940071966,0.29729079030733363,7.758383862753812,2,4.863267600629092,2,9,1,0
2,3.93247582526962,0.09206698608247543,9.233669662492435,6,4.792691948674533,1,5,0,2
3,171.8279902078834,0.5990445871503816,10.407174618134194,2,3.9585655378602276,5,7,1,0
1,195.19674205430977,0.6236487782902661,6.393403865224058,8,3.656525758142446,3,6,0,2
4,31.853378222908077,0.6485048201186882,7.7371441790803,8,4.545751273598455,4,10,1,0
4,99.51346476450313,0.2674020278575413,7.85464053579797,5,4.208315906569325,3,5,0,2
4,180.95771305025988,0.015110684214475034,7.293222597329936,10,2.9589102855423324,3,7,0,3
2,252.87477348558494,0.9650153694544719,6.851732198141041,7,4.552298034032501,4,6,1,1
2,151.0396853837704,0.2508930456911025,7.653963084250069,4,3.5722109734867757,1,10,1,0
1,113.59985293854328,0.6760262880525475,3.201630872170472,1,2.9724641499279376,4,2,1,2
4,140.855177944758,0.7066298698787096,8.023104235093946,2,3.2044933759912313,1,3,1,3
4,218.74382095740924,0.6100074170794857,7.189266855492951,10,3.1688175756208556,3,2,1,0
3,117.70179104377323,0.3129073942136482,6.666287654832602,10,3.7980174365086503,1,3,0,0
2,110.04039966748732,0.27109625376406576,10.070293293579336,4,3.085925226694689,5,1,1,0
4,125.86282389089838,0.5976682827027031,5.9875989718141716,1,2.8089162185039402,4,8,1,1
1,102.33356958706437,0.8660956336116915,6.395386016402454,8,2.809227126534402,5,6,0,2
1,156.13351579973977,0.9467337289233956,9.987329953307102,9,3.9581904928477414,3,2,1,2
4,231.23392292347802,0.10590580440375763,5.751908042725216,4,4.3368982221234464,4,8,1,0
2,166.15396365580145,0.15482861259771985,6.174827075595192,10,3.3038325220958518,3,6,1,0
1,137.38232489368562,0.9447362587830797,6.779461864853725,3,2.5866267745350426,5,7,0,0
3,135.4094365542228,0.7365352283347926,8.261101723194324,2,2.818062217342527,3,1,1,3
1,71.84045956516715,0.8829938248297731,7.31170376102997,5,4.786736400842643,4,7,0,0
0,194.15548885735797,0.20263263413534316,5.0610619792716065,3,3.7338591489736324,4,3,0,1
0,146.1081401493599,0.5875858711094019,6.201747155309215,10,3.6339320240379367,3,8,1,2
2,140.97600432046872,0.7011395944174736,6.088968350181683,7,2.5951229457752274,4,6,0,1
4,309.65537839224305,0.6801118854469727,6.884168432165431,6,4.321592555792248,4,4,1,0
